University of Alabama at Birmingham	Birmingham	AL	129	18368.0	1125.0	0.581351094196	14979.5	0.407
Alabama State University	Montgomery	AL	922	16156.0	825.0	0.458963879377	15738.0	0.3788
The University of Alabama	Tuscaloosa	AL	97	26950.0	1202.0	0.52585192352956	17340.0	0.4452
Auburn University at Montgomery	Montgomery	AL	888	20710.0	1009.0	0.76592082616179	10750.0	0.3556
Auburn University	Auburn	AL	121	28840.0	1217.0	0.8054338299737	17000.0	0.5067
Faulkner University	Montgomery	AL	1085	20130.0	972.0	0.45380212591986	14450.0	0.3944
Huntingdon College	Montgomery	AL	1173	25800.0	1001.0	0.56759906759906	16950.0	0.5123
Jacksonville State University	Jacksonville	AL	668	14700.0	1062.0	0.53082948383209	16450.0	0.4264
Judson College	Marion	AL	1636	17376.0	1013.0	0.57553956834532	9500.0	0.0183
University of Mobile	Mobile	AL	1396	21400.0	1029.0	0.61925133689839	16750.0	0.3694
University of Montevallo	Montevallo	AL	1087	24310.0	1069.0	0.65424164524421	17028.0	0.3218
University of North Alabama	Florence	AL	706	14450.0	1028.0	0.55739564428312	12750.0	0.4097
Oakwood University	Huntsville	AL	1274	16750.0	886.0	0.48369315571887	26500.0	0.4148
Samford University	Birmingham	AL	487	29402.0	1170.0	0.91381311665699	15832.0	0.3481
University of South Alabama	Mobile	AL	525	14796.0	1067.0	0.80501618122977	15000.0	0.4616
Spring Hill College	Mobile	AL	998	35794.0	1121.0	0.43531755331614	20500.0	0.3662
Stillman College	Tuscaloosa	AL	1519	10418.0	765.0	0.41919075144508	12500.0	0.4331
Troy University	Troy	AL	456	15484.0	992.0	0.91246639784946	14250.0	0.3973
Tuskegee University	Tuskegee	AL	635	20015.0	1006.0	0.49990330690388	25432.5	0.3715
University of Alaska Fairbanks	Fairbanks	AK	194	18184.0	1060.0	0.73474630700064	9500.0	0.4546
Prescott College	Prescott	AZ	1064	28943.0	1089.0	0.68471337579617	14962.0	0.4017
Arizona Christian University	Phoenix	AZ	1571	23896.0	963.0	0.59162303664921	9500.0	0.6096
University of Arkansas at Little Rock	Little Rock	AR	379	19499.0	1029.0	0.89828009828009	12375.0	0.3961
Lyon College	Batesville	AR	1145	26290.0	1099.0	0.74173117522871	12000.0	0.5344
University of Arkansas	Fayetteville	AR	150	23168.0	1170.0	0.63201634244858	14181.0	0.4737
University of Arkansas at Pine Bluff	Pine Bluff	AR	1345	12988.0	894.0	0.41932945065323	12250.0	0.4105
University of Central Arkansas	Conway	AR	375	14447.0	1082.0	0.89780577001219	12000.0	0.4072
Central Baptist College	Conway	AR	1524	15000.0	1018.0	0.61949685534591	13996.5	0.5472
Harding University	Searcy	AR	660	18635.0	1135.0	0.70184934596301	19692.0	0.4437
Henderson State University	Arkadelphia	AR	1000	15180.0	1030.0	0.66110019646365	11000.0	0.4295
Hendrix College	Conway	AR	620	42440.0	1287.0	0.77103825136612	21500.0	0.4753
John Brown University	Siloam Springs	AR	966	25324.0	1173.0	0.77114427860696	16795.0	0.4154
Ouachita Baptist University	Arkadelphia	AR	1047	24940.0	1116.0	0.66880841121495	14607.5	0.4672
University of the Ozarks	Clarksville	AR	1297	23750.0	999.0	0.868156424581	6500.0	0.4926
Williams Baptist University	Walnut Ridge	AR	1532	17320.0	970.0	0.6051051051051	11952.0	0.5184
Azusa Pacific University	Azusa	CA	448	36120.0	1035.0	0.6145703611457	18500.0	0.3383
Biola University	La Mirada	CA	329	36696.0	1093.0	0.64853175506487	19500.0	0.3627
California Baptist University	Riverside	CA	754	31372.0	988.0	0.63991148662241	20820.5	0.3678
California Institute of Technology	Pasadena	CA	50	47577.0	1555.0	0.08067104303428	11500.0	0.5914
California Lutheran University	Thousand Oaks	CA	578	39793.0	1107.0	0.64194245800765	18219.5	0.4292
Chapman University	Orange	CA	185	48710.0	1225.0	0.54028546915217	19000.0	0.394
San Diego Christian College	Santee	CA	1633	29550.0	938.0	0.532981530343	15822.5	0.4681
Claremont McKenna College	Claremont	CA	561	50945.0	1413.0	0.09444970040996	13000.0	0.5119
Dominican University of California	San Rafael	CA	618	43400.0	1039.0	0.77745241581259	27000.0	0.27
Fresno Pacific University	Fresno	CA	934	29320.0	968.0	0.68478260869565	18000.0	0.2854
Harvey Mudd College	Claremont	CA	268	52666.0	1496.0	0.12870813397129	21254.0	0.538
Holy Names University	Oakland	CA	1250	37074.0	888.0	0.48459958932238	20197.0	0.3573
Humboldt State University	Arcata	CA	254	18369.0	983.0	0.7709393799167	13600.0	0.4388
Life Pacific College	San Dimas	CA	1624	14138.0	889.0	0.97321428571428	13000.0	0.4382
University of La Verne	La Verne	CA	672	39900.0	1040.0	0.48055004955401	21580.0	0.4094
La Sierra University	Riverside	CA	1130	31590.0	906.0	0.45933847301666	16000.0	0.4115
Loyola Marymount University	Los Angeles	CA	245	44480.0	1244.0	0.53872353028283	19490.5	0.4367
Menlo College	Atherton	CA	1428	39950.0	1010.0	0.40865603644646	16125.0	0.5515
Mills College	Oakland	CA	608	45635.0	1109.0	0.84410646387832	19000.0	0.0
Mount Saint Mary's University	Los Angeles	CA	1441	37722.0	923.0	0.8592115848753	21000.0	0.0626
Notre Dame de Namur University	Belmont	CA	1364	33268.0	913.0	0.96677471636953	19500.0	0.3411
Occidental College	Los Angeles	CA	403	51070.0	1315.0	0.45810578873459	21000.0	0.4384
Hope International University	Fullerton	CA	1403	30550.0	942.0	0.35747883349012	15500.0	0.4085
Pacific Union College	Angwin	CA	894	28629.0	986.0	0.46546128882707	22000.0	0.39
University of the Pacific	Stockton	CA	447	44588.0	1180.0	0.65986471251409	20120.5	0.4663
Pepperdine University	Malibu	CA	203	50022.0	1251.0	0.36873368733687	24250.0	0.4121
Point Loma Nazarene University	San Diego	CA	804	33500.0	1149.0	0.69418089816571	18667.0	0.3533
Pomona College	Claremont	CA	320	49352.0	1442.0	0.09442113058504	11700.0	0.499
University of Redlands	Redlands	CA	597	46570.0	1101.0	0.74747917580008	25000.0	0.4405
San Diego State University	San Diego	CA	93	18244.0	1132.0	0.3463852450932	13277.0	0.4577
University of San Diego	San Diego	CA	219	46140.0	1237.0	0.51384167071393	21250.0	0.4591
San Francisco State University	San Francisco	CA	112	17644.0	979.0	0.68199762581785	13000.0	0.4431
University of San Francisco	San Francisco	CA	161	44494.0	1150.0	0.71365033684348	21953.0	0.3815
William Jessup University	Rocklin	CA	1362	28700.0	1023.0	0.72506738544474	15000.0	0.3969
Santa Clara University	Santa Clara	CA	142	47112.0	1321.0	0.48301124163193	19166.0	0.5008
Scripps College	Claremont	CA	1502	50982.0	1353.0	0.29880873593646	12500.0	0.0
Simpson University	Redding	CA	1605	25950.0	985.0	0.52153110047846	15765.0	0.3376
Saint Mary's College of California	Moraga	CA	538	44360.0	1093.0	0.8038632986627	21500.0	0.403
Sonoma State University	Rohnert Park	CA	283	18548.0	990.0	0.76272214472008	13000.0	0.3698
Vanguard University of Southern California	Costa Mesa	CA	1174	31430.0	942.0	0.70239774330042	19000.0	0.3479
University of Southern California	Los Angeles	CA	20	52283.0	1395.0	0.16621223286661	21250.0	0.482
Thomas Aquinas College	Santa Paula	CA	1187	24500.0	1249.0	0.7461139896373	17000.0	0.5078
Westmont College	Santa Barbara	CA	785	42900.0	1171.0	0.82758620689655	18750.0	0.3915
Whittier College	Whittier	CA	712	44774.0	1040.0	0.69452001554605	20500.0	0.4297
Woodbury University	Burbank	CA	1115	37906.0	1012.0	0.66240753194351	27000.0	0.5131
Adams State University	Alamosa	CO	949	20169.0	933.0	0.98569238630556	11425.0	0.5131
University of Colorado Colorado Springs	Colorado Springs	CO	314	18770.0	1069.0	0.92862300154718	12197.0	0.4793
University of Colorado Boulder	Boulder	CO	33	35079.0	1229.0	0.76620553940141	14000.0	0.5588
Colorado School of Mines	Golden	CO	284	36172.0	1354.0	0.40353305112341	21915.0	0.7202
University of Denver	Denver	CO	141	46422.0	1262.0	0.5347406751304	19500.0	0.4646
Fort Lewis College	Durango	CO	1573	17816.0	1014.0	0.92122958693563	10500.0	0.5041
Colorado Mesa University	Grand Junction	CO	787	18996.0	989.0	0.82746085011185	10875.0	0.4611
Metropolitan State University of Denver	Denver	CO	472	20096.0	951.0	0.6386750962067	12988.0	0.4645
University of Northern Colorado	Greeley	CO	423	20474.0	1031.0	0.90269792127377	12500.0	0.359
Regis University	Denver	CO	587	34450.0	1098.0	0.56586737714624	18500.0	0.3954
Colorado State University-Pueblo	Pueblo	CO	973	24101.0	969.0	0.96381994110222	11750.0	0.487
University of Bridgeport	Bridgeport	CT	667	31630.0	930.0	0.57784474099583	20500.0	0.3655
Central Connecticut State University	New Britain	CT	354	22602.0	1000.0	0.60012804097311	15834.5	0.5358
University of Connecticut	Storrs	CT	81	35858.0	1230.0	0.49100180773277	18750.0	0.4988
University of Hartford	West Hartford	CT	467	37790.0	1046.0	0.71930954527888	19000.0	0.488
University of New Haven	West Haven	CT	534	37060.0	1043.0	0.8053171641791	21500.0	0.4951
Post University	Waterbury	CT	1071	16510.0	893.0	0.40714444197914	8412.0	0.378
Quinnipiac University	Hamden	CT	215	43940.0	1096.0	0.76438787672399	21500.0	0.3943
University of Saint Joseph	West Hartford	CT	1299	36870.0	985.0	0.87601078167115	23250.0	0.0214
Southern Connecticut State University	New Haven	CT	611	22915.0	933.0	0.63524637681159	16000.0	0.3839
Yale University	New Haven	CT	14	49480.0	1502.0	0.06322149785339	12000.0	0.509
Delaware State University	Dover	DE	703	16138.0	898.0	0.40649548598897	19500.0	0.3608
University of Delaware	Newark	DE	69	32250.0	1170.0	0.6950441609421	21250.0	0.4259
Wesley College	Dover	DE	1234	25646.0	830.0	0.60467802483395	12250.0	0.4409
American University	Washington	DC	103	44853.0	1262.0	0.25914618369987	19926.0	0.3671
Gallaudet University	Washington	DC	328	16078.0	827.0	0.66144814090019	10250.0	0.4856
George Washington University	Washington	DC	62	51950.0	1300.0	0.40211079723791	21500.0	0.4294
Georgetown University	Washington	DC	56	50547.0	1422.0	0.16847527129069	14750.0	0.4419
Howard University	Washington	DC	242	24908.0	1142.0	0.30002743484224	23000.0	0.329
The Baptist College of Florida	Graceville	FL	1671	10800.0	910.0	0.58677685950413	10750.0	0.5814
Barry University	Miami	FL	592	28800.0	930.0	0.61592039800995	19500.0	0.3903
Lynn University	Boca Raton	FL	795	36650.0	984.0	0.81730221969265	10000.0	0.509
University of Central Florida	Orlando	FL	78	22467.0	1179.0	0.49994267041219	14500.0	0.4539
Eckerd College	Saint Petersburg	FL	747	41538.0	1125.0	0.72132927888792	19623.0	0.3565
Edward Waters College	Jacksonville	FL	1301	13525.0	808.0	0.57701516360734	12000.0	0.5302
Florida Agricultural and Mechanical University	Tallahassee	FL	519	17725.0	1001.0	0.31110475100171	22000.0	0.3515
Florida Atlantic University	Boca Raton	FL	119	17276.0	1047.0	0.5977871377381	12000.0	0.4386
Florida College	Temple Terrace	FL	1593	16550.0	1068.0	0.78521126760563	12000.0	0.4879
AdventHealth University	Orlando	FL	1369	13480.0	917.0	0.76291793313069	16917.0	0.1949
Florida Institute of Technology	Melbourne	FL	287	40446.0	1179.0	0.61328001683678	10500.0	0.7031
Florida International University	Miami	FL	91	18954.0	1130.0	0.50071071575954	13750.0	0.4405
Florida Southern College	Lakeland	FL	731	33150.0	1177.0	0.45542635658914	15921.0	0.3545
Florida State University	Tallahassee	FL	51	21673.0	1214.0	0.58014951596789	18053.0	0.4468
University of Florida	Gainesville	FL	28	28659.0	1279.0	0.46421876010084	15000.0	0.4472
University of Miami	Coral Gables	FL	95	47004.0	1323.0	0.37712124938514	17500.0	0.4774
University of North Florida	Jacksonville	FL	266	20798.0	1110.0	0.64533756389917	12186.0	0.4426
Nova Southeastern University	Fort Lauderdale	FL	189	28736.0	1127.0	0.52541334966319	18750.0	0.3047
Palm Beach Atlantic University	West Palm Beach	FL	1014	28520.0	1076.0	0.93374741200828	14500.0	0.3411
Saint Leo University	Saint Leo	FL	641	21440.0	1032.0	0.69740057764941	12727.0	0.402
St. Thomas University	Miami Gardens	FL	782	28800.0	930.0	0.54126794258373	14750.0	0.503
Southeastern University	Lakeland	FL	868	24160.0	978.0	0.45850775671017	11000.0	0.4368
The University of Tampa	Tampa	FL	512	27740.0	1097.0	0.48297989672632	16000.0	0.4169
Trinity College of Florida	Trinity	FL	1677	15690.0	827.0	0.70666666666666	15125.0	0.5779
Warner University	Lake Wales	FL	1531	20712.0	888.0	0.43589743589743	15848.0	0.5366
Webber International University	Babson Park	FL	1617	25358.0	902.0	0.5386189258312	9500.0	0.6944
Abraham Baldwin Agricultural College	Tifton	GA	1427	10060.0	932.0	0.65611510791366	6500.0	0.4695
Albany State University	Albany	GA	1226	15738.0	899.0	0.4967409948542	26000.0	0.3424
Point University	West Point	GA	1616	19200.0	922.0	0.5143581081081	12000.0	0.5015
Clark Atlanta University	Atlanta	GA	721	22396.0	914.0	0.71843846082176	17500.0	0.2887
Berry College	Mount Berry	GA	681	33556.0	1183.0	0.62093758987633	19000.0	0.3971
Brenau University	Gainesville	GA	965	27152.0	973.0	0.35645569620253	15500.0	0.102
College of Coastal Georgia	Brunswick	GA	1493	10428.0	896.0	0.9520725388601	6250.0	0.3425
Columbus State University	Columbus	GA	758	16605.0	963.0	0.53164556962025	15750.0	0.409
Covenant College	Lookout Mountain	GA	1302	32230.0	1191.0	0.96241830065359	19500.0	0.4577
Emmanuel College	Boston	MA	938	37540.0	1122.0	0.71396432588783	23500.0	0.2596
Emory University	Atlanta	GA	79	47954.0	1382.0	0.29119994399327	18222.0	0.4112
Fort Valley State University	Fort Valley	GA	1169	5594.0	855.0	0.26451208032632	24250.0	0.4215
Georgia Southwestern State University	Americus	GA	1189	15518.0	975.0	0.68178545716342	11500.0	0.3807
Georgia Southern University	Statesboro	GA	321	16847.0	1110.0	0.64551555826723	17029.0	0.4944
Georgia State University	Atlanta	GA	70	23542.0	1070.0	0.56553461957952	12500.0	0.4099
University of Georgia	Athens	GA	57	29844.0	1262.0	0.53899709174231	17108.0	0.4319
Gordon State College	Barnesville	GA	1548	11719.0	853.0	0.54334140435835	8250.0	0.3335
LaGrange College	Lagrange	GA	1343	28490.0	1021.0	0.57716836734693	12875.0	0.5089
Life University	Marietta	GA	911	11220.0	927.0	0.92142857142857	8333.0	0.4526
Mercer University	Macon	GA	404	35130.0	1211.0	0.69354838709677	21350.0	0.3849
Morehouse College	Atlanta	GA	555	26742.0	994.0	0.66070307595731	19500.0	1.0
Oglethorpe University	Atlanta	GA	734	35280.0	1125.0	0.8040260509177	15500.0	0.432
Paine College	Augusta	GA	1351	14224.0	745.0	0.24582398404387	16000.0	0.4606
Piedmont College	Demorest	GA	1259	23112.0	991.0	0.57153558052434	15681.0	0.3637
Reinhardt University	Waleska	GA	1415	21644.0	965.0	0.87450980392156	12000.0	0.5528
Savannah College of Art and Design	Savannah	GA	247	35690.0	1086.0	0.7171438733772	19532.5	0.3329
Savannah State University	Savannah	GA	1083	15900.0	823.0	0.50784856879039	13449.0	0.4054
Shorter University	Rome	GA	1109	21730.0	961.0	0.61177753544165	19000.5	0.4538
Spelman College	Atlanta	GA	529	27314.0	1092.0	0.35732451678535	24500.0	0.0
Toccoa Falls College	Toccoa Falls	GA	1489	21414.0	962.0	0.54143019296254	13750.0	0.4686
Truett McConnell University	Cleveland	GA	1534	18510.0	953.0	0.90607734806629	12000.0	0.4541
Valdosta State University	Valdosta	GA	483	16891.0	982.0	0.65133124510571	15750.0	0.3976
Wesleyan College	Macon	GA	1436	21750.0	1035.0	0.37648456057007	17735.0	0.0
University of West Georgia	Carrollton	GA	452	16717.0	945.0	0.59092049159769	12750.0	0.3635
Young Harris College	Young Harris	GA	1565	29012.0	1004.0	0.55036433776253	12125.0	0.4419
Chaminade University of Honolulu	Honolulu	HI	991	23310.0	976.0	0.91330166270783	13000.0	0.315
University of Hawaii at Hilo	Hilo	HI	872	20610.0	978.0	0.69097651421508	12500.0	0.3839
University of Hawaii at Manoa	Honolulu	HI	489	33764.0	1075.0	0.84977729788095	14000.0	0.4478
Boise Bible College	Boise	ID	1695	11750.0	1009.0	0.9	15375.0	0.5672
Boise State University	Boise	ID	192	21530.0	1047.0	0.8172869147659	14635.0	0.4652
University of Idaho	Moscow	ID	154	22040.0	1070.0	0.75894506971275	16750.0	0.5369
Lewis-Clark State College	Lewiston	ID	912	17620.0	937.0	0.97153024911032	10000.0	0.3752
Northwest Nazarene University	Nampa	ID	1626	28650.0	1113.0	0.95283018867924	18000.0	0.4068
Brigham Young University-Idaho	Rexburg	ID	244	3920.0	1036.0	0.95830221558376	6606.0	0.4236
School of the Art Institute of Chicago	Chicago	IL	506	45750.0	1127.0	0.59324942791762	19809.5	0.2669
Aurora University	Aurora	IL	856	22830.0	1005.0	0.87724665391969	15750.0	0.3523
Blackburn College	Carlinville	IL	1402	21162.0	968.0	0.53846153846153	11135.5	0.4617
Bradley University	Peoria	IL	349	32120.0	1141.0	0.69814020028612	23750.0	0.4948
Chicago State University	Chicago	IL	743	17212.0	883.0	0.57876312718786	22000.0	0.2997
University of Chicago	Chicago	IL	22	53649.0	1508.0	0.07937365010799	14853.0	0.5149
Eastern Illinois University	Charleston	IL	359	13740.0	990.0	0.4687648456057	17879.0	0.3988
Eureka College	Eureka	IL	1308	21120.0	1030.0	0.6453154875717	15000.0	0.4895
Governors State University	University Park	IL	813	18676.0	910.0	0.41298917568692	13030.0	0.356
Greenville University	Greenville	IL	1072	25720.0	999.0	0.57822506861848	15617.5	0.499
University of Illinois at Chicago	Chicago	IL	72	26520.0	1105.0	0.73593218448497	14000.0	0.4952
University of Illinois at Urbana-Champaign	Champaign	IL	24	30680.0	1320.0	0.6006615388654	17750.0	0.5477
Illinois Wesleyan University	Bloomington	IL	530	44142.0	1229.0	0.5821400676907	26199.5	0.464
Illinois Institute of Technology	Chicago	IL	162	45214.0	1275.0	0.57102869139258	22500.0	0.6999
Illinois State University	Normal	IL	237	25168.0	1090.0	0.88880609372412	16750.0	0.446
Judson University	Elgin	IL	1201	28730.0	1020.0	0.74852071005917	19081.0	0.4118
Lewis University	Romeoville	IL	700	30050.0	1090.0	0.59186965639619	19500.0	0.4593
Lincoln Christian University	Lincoln	IL	1576	13020.0	1007.0	0.52882205513784	17500.0	0.5
Lincoln College	Lincoln	IL	1689	17700.0	823.0	0.62021531100478	9500.0	0.4593
Loyola University Chicago	Chicago	IL	139	42032.0	1195.0	0.72569566748855	19500.0	0.3377
MacMurray College	Jacksonville	IL	1365	25110.0	946.0	0.56202290076335	22000.0	0.5009
McKendree University	Lebanon	IL	967	28740.0	1025.0	0.68155935173017	16499.0	0.4604
Methodist College	Peoria	IL	1725	20710.0	990.0	0.5	30750.0	0.1265
Millikin University	Decatur	IL	1642	31824.0	1047.0	0.6380266075388	20375.0	0.4219
Monmouth College	Monmouth	IL	1307	35300.0	1045.0	0.52062807881773	20000.0	0.481
North Central College	Naperville	IL	684	36654.0	1123.0	0.5935860058309	20000.0	0.4657
North Park University	Chicago	IL	1516	27210.0	993.0	0.94181818181818	19000.0	0.3738
Northern Illinois University	Dekalb	IL	145	23670.0	1030.0	0.51842456608811	17562.5	0.5074
Northwestern University	Evanston	IL	31	50855.0	1470.0	0.10663817663817	16500.0	0.499
Northeastern Illinois University	Chicago	IL	514	18514.0	870.0	0.71014025471546	10400.0	0.4384
Olivet Nazarene University	Bourbonnais	IL	676	33940.0	1099.0	0.77700348432055	19000.0	0.402
Quincy University	Quincy	IL	877	27128.0	991.0	0.66232876712328	13000.0	0.4681
Rockford University	Rockford	IL	1469	29180.0	1011.0	0.54430799867241	18750.0	0.4137
Roosevelt University	Chicago	IL	503	28119.0	1012.0	0.73289956623289	18458.5	0.3646
Dominican University	River Forest	IL	792	31570.0	1050.0	0.63725919439579	18500.0	0.3317
Saint Xavier University	Chicago	IL	939	32250.0	1009.0	0.75249549007817	18000.0	0.3541
University of Illinois at Springfield	Springfield	IL	458	20938.0	1067.0	0.65303340149965	13889.0	0.4908
Trinity Christian College	Palos Heights	IL	1295	27675.0	1081.0	0.70022624434389	20500.0	0.3281
VanderCook College of Music	Chicago	IL	1665	27180.0	1050.0	0.90196078431372	26000.0	0.5146
Western Illinois University	Macomb	IL	350	16926.0	970.0	0.59454420567167	18000.0	0.4906
Wheaton College	Wheaton	IL	367	34050.0	1306.0	0.78648648648648	20913.0	0.465
Anderson University	Anderson	SC	1385	25880.0	1065.0	0.53920386007237	18784.0	0.3168
Ball State University	Muncie	IN	250	25428.0	1057.0	0.62251869820092	18000.0	0.4077
Butler University	Indianapolis	IN	390	38360.0	1215.0	0.72706191543634	25000.0	0.4043
DePauw University	Greencastle	IN	421	46448.0	1187.0	0.65325907590759	23988.5	0.4707
University of Evansville	Evansville	IN	443	33966.0	1147.0	0.70890156211257	21500.0	0.463
Franklin College	Franklin	IN	1262	30025.0	991.0	0.78093306288032	20890.0	0.4872
Goshen College	Goshen	IN	640	33200.0	1074.0	0.62450199203187	15000.0	0.3947
Hanover College	Hanover	IN	371	35514.0	1093.0	0.57332251082251	23691.0	0.4284
Holy Cross College	Notre Dame	IN	1599	28760.0	1053.0	0.91011235955056	11000.0	0.5924
Huntington University	Huntington	IN	1208	25400.0	1019.0	0.89205955334987	22500.0	0.4448
Purdue University Fort Wayne	Fort Wayne	IN	485	19727.0	976.0	0.9326160815402	12500.0	0.4494
University of Indianapolis	Indianapolis	IN	650	27420.0	1033.0	0.86166278591973	18773.0	0.3581
Indiana Institute of Technology	Fort Wayne	IN	1194	26370.0	944.0	0.69165143205362	9500.0	0.3806
University of Southern Indiana	Evansville	IN	505	17847.0	1005.0	0.9189367311072	12387.5	0.3827
Indiana State University	Terre Haute	IN	363	19076.0	907.0	0.85884154580668	12000.0	0.4568
Manchester University	North Manchester	IN	918	30802.0	1019.0	0.70547099958864	15750.0	0.482
Marian University	Fond Du Lac	WI	1131	28280.0	950.0	0.7718875502008	20000.0	0.2995
University of Notre Dame	Notre Dame	IN	76	49685.0	1474.0	0.187336580364	20750.0	0.5279
Oakland City University	Oakland City	IN	1466	23400.0	978.0	0.61760242792109	14875.0	0.4819
Rose-Hulman Institute of Technology	Terre Haute	IN	502	46210.0	1318.0	0.61070502240037	27000.0	0.7498
Saint Mary-of-the-Woods College	Saint Mary of the Woods	IN	1379	28932.0	928.0	0.73024523160762	12655.0	0.0685
Saint Mary's College	Notre Dame	IN	945	38880.0	1117.0	0.81648785996612	25000.0	0.0
Taylor University	Upland	IN	892	31472.0	1138.0	0.79605633802816	17948.0	0.4369
Trine University	Angola	IN	1224	30960.0	1079.0	0.76157804459691	16000.0	0.725
Valparaiso University	Valparaiso	IN	410	37450.0	1153.0	0.82910208444682	23500.0	0.4629
Wabash College	Crawfordsville	IN	536	41050.0	1145.0	0.62616822429906	25000.0	1.0
Buena Vista University	Storm Lake	IA	994	32210.0	1046.0	0.63694267515923	17301.0	0.3445
Central College	Pella	IA	948	34612.0	1091.0	0.7342908438061	23250.0	0.4865
Clarke University	Dubuque	IA	1081	30900.0	1043.0	0.64931740614334	19664.5	0.3376
Coe College	Cedar Rapids	IA	957	41000.0	1145.0	0.49947955390334	24621.0	0.4278
Cornell College	Mount Vernon	IA	713	39900.0	1172.0	0.70941475826972	25000.0	0.5021
Drake University	Des Moines	IA	400	35206.0	1241.0	0.6894535188546	22500.0	0.4262
University of Dubuque	Dubuque	IA	1006	28700.0	923.0	0.75691937424789	16671.5	0.5925
Emmaus Bible College	Dubuque	IA	1627	16580.0	1088.0	0.35648148148148	11280.0	0.4431
Faith Baptist Bible College and Theological Seminary	Ankeny	IA	1522	16766.0	1051.0	0.66165413533834	8750.0	0.4589
Grand View University	Des Moines	IA	1304	25474.0	970.0	0.96613995485327	18000.0	0.451
Grinnell College	Grinnell	IA	417	48758.0	1410.0	0.20189959294436	13500.0	0.4508
Iowa State University	Ames	IA	58	21583.0	1144.0	0.87490351464004	18749.0	0.5736
Iowa Wesleyan University	Mount Pleasant	IA	1679	29146.0	917.0	0.50890071572765	12000.0	0.4712
University of Iowa	Iowa City	IA	60	28813.0	1165.0	0.84112444725205	16000.0	0.4757
Loras College	Dubuque	IA	1036	31525.0	1051.0	0.92356185973207	21937.0	0.526
Luther College	Decorah	IA	573	40040.0	1157.0	0.67634854771784	26193.0	0.4474
Mercy College of Health Sciences	Des Moines	IA	1667	16920.0	990.0	0.97701149425287	14000.0	0.1263
Morningside College	Sioux City	IA	1556	29094.0	1070.0	0.5692678649715	16000.0	0.4615
Mount Mercy University	Cedar Rapids	IA	1248	29696.0	990.0	0.61878881987577	16795.0	0.3045
University of Northern Iowa	Cedar Falls	IA	236	18851.0	1050.0	0.82563510392609	15849.0	0.4309
Northwestern College	Orange City	IA	1069	29500.0	1113.0	0.65529786266484	19500.0	0.4359
Simpson College	Indianola	IA	1007	35876.0	1103.0	0.85454545454545	22117.0	0.4433
Upper Iowa University	Fayette	IA	1073	28890.0	968.0	0.5554971067859	16378.0	0.3846
Waldorf University	Forest City	IA	1336	21260.0	960.0	0.66711229946524	10036.5	0.6432
Wartburg College	Waverly	IA	752	38380.0	1084.0	0.68247269116186	23250.0	0.4803
William Penn University	Oskaloosa	IA	1383	24510.0	889.0	0.58667883211678	14750.0	0.5264
Baker University	Baldwin City	KS	907	28030.0	1053.0	0.77753058954393	19500.0	0.4434
Benedictine College	Atchison	KS	1155	27480.0	1116.0	0.97708524289642	20053.0	0.4649
Bethany College	Bethany	WV	1313	27696.0	920.0	0.64564831261101	19324.0	0.6145
Central Christian College of Kansas	McPherson	KS	1540	16850.0	921.0	0.53639240506329	10959.0	0.5248
Emporia State University	Emporia	KS	431	19392.0	1029.0	0.87426556991774	12500.0	0.3854
Friends University	Wichita	KS	1192	26865.0	1002.0	0.55006675567423	18979.0	0.4639
University of Kansas	Lawrence	KS	85	28239.0	1185.0	0.93006993006993	14275.5	0.4931
Newman University	Wichita	KS	1249	27556.0	1079.0	0.57776108189331	15500.0	0.3342
Kansas Wesleyan University	Salina	KS	1448	28000.0	1003.0	0.54658385093167	12500.0	0.5575
Manhattan Christian College	Manhattan	KS	1607	14986.0	1022.0	0.59514170040485	10500.0	0.5504
McPherson College	McPherson	KS	1340	26498.0	1011.0	0.57295960428689	15000.0	0.6519
MidAmerica Nazarene University	Olathe	KS	1104	28150.0	994.0	0.51810584958217	15000.0	0.4224
Pittsburg State University	Pittsburg	KS	619	17662.0	1010.0	0.87335197762684	13500.0	0.528
University of Saint Mary	Leavenworth	KS	1558	26650.0	1005.0	0.49436936936936	15000.0	0.4235
Southwestern College	Winfield	KS	1050	27250.0	959.0	0.92151898734177	15775.0	0.5993
Sterling College	Sterling	KS	1020	24250.0	967.0	0.37366892545982	14000.0	0.5385
Tabor College	Hillsboro	KS	1325	26590.0	971.0	0.5594294770206	15000.0	0.5358
Wichita State University	Wichita	KS	288	16634.0	1102.0	0.86233148295003	14000.0	0.4683
Alice Lloyd College	Pippa Passes	KY	1510	11550.0	1010.0	0.22187154805112	9000.0	0.4529
Asbury University	Wilmore	KY	1220	28630.0	1124.0	0.6959564541213	19500.0	0.3959
Bellarmine University	Louisville	KY	649	39750.0	1118.0	0.82453316162266	18750.0	0.3554
Berea College	Berea	KY	527	25470.0	1123.0	0.32798165137614	4556.5	0.433
Brescia University	Owensboro	KY	1378	21100.0	1060.0	0.46768893756845	17690.5	0.251
Campbellsville University	Campbellsville	KY	920	24596.0	1008.0	0.69790964261631	11000.0	0.4308
Centre College	Danville	KY	634	39300.0	1266.0	0.74258188824662	25990.0	0.4916
University of the Cumberlands	Williamsburg	KY	1118	23000.0	1025.0	0.70868223887174	9013.0	0.446
Eastern Kentucky University	Richmond	KY	309	18180.0	1049.0	0.86330490668644	14000.0	0.4357
Georgetown College	Georgetown	KY	936	35650.0	1061.0	0.66116870876531	18500.0	0.4594
Kentucky State University	Frankfort	KY	723	18056.0	907.0	0.48995271867612	17388.5	0.397
Kentucky Wesleyan College	Owensboro	KY	1450	24050.0	992.0	0.57216940363007	12000.0	0.519
University of Kentucky	Lexington	KY	88	26334.0	1159.0	0.907861328125	15000.0	0.4574
Kentucky Christian University	Grayson	KY	1588	18560.0	962.0	0.3880239520958	13603.5	0.5032
University of Louisville	Louisville	KY	188	26286.0	1165.0	0.72568242983467	12500.0	0.4956
Midway University	Midway	KY	1470	23350.0	967.0	0.60320641282565	15069.0	0.1994
Morehead State University	Morehead	KY	783	12744.0	1066.0	0.85555812341113	15213.5	0.4036
Murray State University	Murray	KY	556	22680.0	1101.0	0.85352677882389	15000.0	0.4234
Northern Kentucky University	Highland Heights	KY	405	18384.0	1066.0	0.91087638224129	14500.0	0.4429
University of Pikeville	Pikeville	KY	1394	19600.0	927.0	1.0	11000.0	0.5
Spalding University	Louisville	KY	1243	24388.0	972.0	0.50301810865191	16334.0	0.2715
Union College	Lincoln	NE	434	22538.0	1030.0	0.63500828271673	17588.5	0.4111
Western Kentucky University	Bowling Green	KY	249	24792.0	1044.0	0.94016300422985	14250.0	0.4297
Centenary College of Louisiana	Shreveport	LA	898	35430.0	1121.0	0.64221218961625	18450.0	0.4334
Dillard University	New Orleans	LA	1051	17064.0	931.0	0.39396031061259	24051.0	0.2704
Grambling State University	Grambling	LA	932	16394.0	874.0	0.45141955835962	20000.0	0.4253
Louisiana College	Pineville	LA	1310	15978.0	970.0	0.72185430463576	10500.0	0.5311
Louisiana Tech University	Ruston	LA	474	25851.0	1105.0	0.63193579631935	12000.0	0.5609
Loyola University New Orleans	New Orleans	LA	411	38754.0	1165.0	0.67751937984496	20500.0	0.3936
McNeese State University	Lake Charles	LA	796	18385.0	1027.0	0.63702531645569	10990.0	0.4069
University of New Orleans	New Orleans	LA	426	22301.0	1034.0	0.60046934584922	9750.0	0.4916
Nicholls State University	Thibodaux	LA	972	18572.0	1030.0	0.82662765179224	11025.0	0.3621
University of Louisiana at Monroe	Monroe	LA	726	20384.0	1057.0	0.76134122287968	10848.0	0.3478
Northwestern State University of Louisiana	Natchitoches	LA	902	18408.0	1006.0	0.61795366795366	12500.0	0.3023
University of Holy Cross	New Orleans	LA	1702	11632.0	950.0	0.39565217391304	14250.0	0.1654
Franciscan Missionaries of Our Lady University	Baton Rouge	LA	1682	12046.0	1010.0	0.53903345724907	14823.0	0.1111
Southeastern Louisiana University	Hammond	LA	533	20251.0	1010.0	0.8730491497787	9408.0	0.3797
Southern University at New Orleans	New Orleans	LA	1411	15322.0	850.0	0.11536444677503	18632.0	0.2619
University of Louisiana at Lafayette	Lafayette	LA	406	23178.0	1089.0	0.51104616178113	11882.0	0.4319
Xavier University of Louisiana	New Orleans	LA	746	23046.0	1054.0	0.61945831441973	14203.0	0.2696
Colby College	Waterville	ME	255	50960.0	1383.0	0.1871249872877	17799.0	0.4758
University of Maine at Fort Kent	Fort Kent	ME	1684	11205.0	890.0	0.81496881496881	12500.0	0.2751
Maine Maritime Academy	Castine	ME	1283	26158.0	1042.0	0.75510204081632	27000.0	0.8481
University of New England	Biddeford	ME	493	35630.0	1055.0	0.8306369035429	21500.0	0.2743
Saint Joseph's College of Maine	Standish	ME	1269	33600.0	920.0	0.78080120937263	14563.5	0.3496
University of Southern Maine	Portland	ME	1457	18508.0	984.0	0.80248114813913	14000.0	0.4235
University of Baltimore	Baltimore	MD	343	20242.0	924.0	0.49421965317919	15750.0	0.4209
Bowie State University	Bowie	MD	921	18416.0	856.0	0.41262063845582	14493.0	0.3795
Capitol Technology University	Laurel	MD	1284	24272.0	1018.0	0.883295194508	16625.0	0.8476
Washington Adventist University	Takoma Park	MD	1566	23400.0	854.0	0.33366733466933	25500.0	0.4064
Coppin State University	Baltimore	MD	1165	13168.0	829.0	0.39614050303555	15250.0	0.235
Frostburg State University	Frostburg	MD	495	21226.0	970.0	0.62724692526017	14000.0	0.4804
Johns Hopkins University	Baltimore	MD	6	50410.0	1476.0	0.12839293408013	12645.0	0.5012
Maryland Institute College of Art	Baltimore	MD	563	45400.0	1152.0	0.57093525179856	21798.0	0.2558
University of Maryland Eastern Shore	Princess Anne	MD	1669	17188.0	872.0	0.38393118952204	15530.5	0.4491
Morgan State University	Baltimore	MD	586	17504.0	894.0	0.60300850228907	22500.0	0.4854
Mount St. Mary's University	Emmitsburg	MD	954	39000.0	1043.0	0.61534669733815	17700.0	0.4589
Notre Dame of Maryland University	Baltimore	MD	1024	35019.0	1058.0	0.58718861209964	18666.0	0.0472
St. Mary's College of Maryland	St. Mary's City	MD	759	29340.0	1140.0	0.79966044142614	16750.0	0.4354
Towson University	Towson	MD	233	21076.0	1070.0	0.73741279314112	14759.0	0.3998
Stevenson University	Stevenson	MD	1009	33168.0	1022.0	0.60758196721311	20632.0	0.3385
McDaniel College	Westminster	MD	560	40580.0	1103.0	0.78069080316271	21620.0	0.4902
American International College	Springfield	MA	1074	33140.0	881.0	0.69307450157397	19500.0	0.3949
Amherst College	Amherst	MA	252	52476.0	1451.0	0.13685088137208	12000.0	0.4989
Babson College	Babson Park	MA	260	48288.0	1281.0	0.24594665271966	24875.0	0.5247
Bay Path University	Longmeadow	MA	1146	32739.0	967.0	0.59922178988326	17150.0	0.0
Becker College	Worcester	MA	1232	37272.0	1037.0	0.65343203230148	19500.0	0.4116
Bentley University	Waltham	MA	330	45760.0	1198.0	0.46322907861369	25000.0	0.5923
Boston College	Chestnut Hill	MA	102	51296.0	1378.0	0.31140350877192	18962.0	0.466
Boston University	Boston	MA	37	50240.0	1328.0	0.29433679775769	23500.0	0.3863
Brandeis University	Waltham	MA	143	51245.0	1377.0	0.33441987490088	26250.0	0.4234
Bridgewater State University	Bridgewater	MA	457	15743.0	992.0	0.80955551856167	18280.0	0.4137
Curry College	Milton	MA	984	37835.0	943.0	0.88588637473547	19266.5	0.409
Eastern Nazarene College	Quincy	MA	1240	30815.0	986.0	0.66220095693779	18500.0	0.4026
Emerson College	Boston	MA	370	42908.0	1232.0	0.4805989725653	21375.0	0.4023
Fitchburg State University	Fitchburg	MA	1159	16215.0	990.0	0.74649467190129	15744.0	0.4682
Framingham State University	Framingham	MA	986	15420.0	995.0	0.64812127076278	17671.0	0.389
Gordon College	Wenham	MA	557	36060.0	1074.0	0.91967575534266	23250.0	0.3691
Harvard University	Cambridge	MA	2	47074.0	1506.0	0.05404574677902	7000.0	0.5291
Lesley University	Cambridge	MA	551	25875.0	1064.0	0.63733018310691	15750.0	0.23
MCPHS University	Boston	MA	961	31560.0	1074.0	0.84476207707617	25000.0	0.2891
Massachusetts College of Art and Design	Boston	MA	775	32800.0	1069.0	0.70868713259307	20000.0	0.2893
Massachusetts Institute of Technology	Cambridge	MA	1	48452.0	1519.0	0.07944269190325	15346.0	0.538
Massachusetts Maritime Academy	Buzzards Bay	MA	1241	24600.0	1052.0	0.80484848484848	23250.0	0.8739
Massachusetts College of Liberal Arts	North Adams	MA	1061	18820.0	1015.0	0.77098857426726	17500.0	0.3729
Northeastern University	Boston	MA	84	47653.0	1434.0	0.28880010966844	25000.0	0.494
College of Our Lady of the Elms	Chicopee	MA	1303	33412.0	954.0	0.76461988304093	23056.0	0.2424
Salem State University	Salem	MA	622	16148.0	992.0	0.73578758755497	17941.0	0.383
Simmons University	Boston	MA	365	38590.0	1179.0	0.63622843545508	23000.0	0.0029
Springfield College	Springfield	MA	825	35475.0	1045.0	0.65901548672566	20590.0	0.5031
Suffolk University	Boston	MA	310	35578.0	1020.0	0.84424006602994	21000.0	0.4553
Tufts University	Medford	MA	54	52430.0	1445.0	0.14285714285714	16052.0	0.4972
Wellesley College	Wellesley	MA	257	48802.0	1403.0	0.28594973217964	9675.0	0.0
Wentworth Institute of Technology	Boston	MA	828	33724.0	1117.0	0.70579671784012	22500.0	0.8032
Western New England University	Springfield	MA	621	34874.0	1096.0	0.79606188466947	19500.0	0.6172
Westfield State University	Westfield	MA	1646	15355.0	992.0	0.77918513827316	15000.0	0.4619
Williams College	Williamstown	MA	217	51790.0	1439.0	0.17609162491052	13750.0	0.5147
Worcester State University	Worcester	MA	1042	15282.0	1016.0	0.70562435500516	13520.0	0.4073
Adrian College	Adrian	MI	1086	34890.0	1003.0	0.58413376022767	17711.0	0.5207
Albion College	Albion	MI	656	41040.0	1067.0	0.72258837627321	21500.0	0.481
Alma College	Alma	MI	974	37310.0	1087.0	0.67948717948717	23000.0	0.4272
Andrews University	Berrien Springs	MI	449	27684.0	1127.0	0.40422010757136	22500.0	0.4533
Aquinas College	Nashville	TN	997	21950.0	1143.0	0.40408163265306	16245.0	0.1806
Central Michigan University	Mount Pleasant	MI	259	23670.0	1049.0	0.71560542797494	21250.0	0.4351
Cleary University	Howell	MI	1601	17600.0	990.0	0.46827794561933	15000.0	0.4873
College for Creative Studies	Detroit	MI	880	40840.0	1050.0	0.4736530491415	21500.0	0.4699
University of Detroit Mercy	Detroit	MI	569	39882.0	1125.0	0.78401585204755	20875.0	0.3553
Eastern Michigan University	Ypsilanti	MI	274	27702.0	1030.0	0.72884563395512	18500.0	0.4063
Ferris State University	Big Rapids	MI	292	18048.0	1030.0	0.77689975190664	16913.0	0.4882
Kettering University	Flint	MI	572	39790.0	1226.0	0.71834740115504	24500.0	0.8161
Cornerstone University	Grand Rapids	MI	1053	26860.0	1009.0	0.63454231433506	18500.0	0.3939
Grand Valley State University	Allendale	MI	207	16392.0	1089.0	0.81680014029344	19000.0	0.4153
Hope College	Holland	MI	451	31560.0	1179.0	0.84406258014875	24800.0	0.3902
Lake Superior State University	Sault Ste Marie	MI	576	11019.0	1048.0	0.68972602739726	15250.0	0.4881
Lawrence Technological University	Southfield	MI	740	31140.0	1164.0	0.69327006039689	19993.0	0.7153
Madonna University	Livonia	MI	1212	19500.0	970.0	0.7532621589561	20635.5	0.3151
Michigan State University	East Lansing	MI	25	37890.0	1194.0	0.65744397011739	21829.0	0.4942
Michigan Technological University	Houghton	MI	124	30968.0	1242.0	0.76435856146001	19500.0	0.7329
University of Michigan-Dearborn	Dearborn	MI	816	24272.0	1125.0	0.64714714714714	18203.0	0.5241
University of Michigan-Flint	Flint	MI	648	20190.0	1050.0	0.65187205554178	19230.5	0.398
Northern Michigan University	Marquette	MI	366	15262.0	1024.0	0.75869809203142	15000.0	0.4667
Northwood University	Midland	MI	848	25130.0	1026.0	0.66939078751857	18750.0	0.5648
Oakland University	Rochester Hills	MI	270	24540.0	1082.0	0.86349176646706	17750.0	0.4349
Olivet College	Olivet	MI	1391	25560.0	972.0	0.53353428786737	18500.0	0.5947
Kuyper College	Grand Rapids	MI	1661	20342.0	1078.0	0.73376623376623	14875.0	0.3831
Saginaw Valley State University	University Center	MI	708	21947.0	1050.0	0.75865671641791	18271.5	0.4204
Spring Arbor University	Spring Arbor	MI	962	26730.0	1029.0	0.7147258163894	21205.0	0.3205
Finlandia University	Hancock	MI	1350	22758.0	877.0	0.4611585092052	8944.0	0.5011
Wayne State University	Detroit	MI	109	26220.0	1086.0	0.81456774542504	16500.0	0.4478
Western Michigan University	Kalamazoo	MI	152	26851.0	1030.0	0.82311026224932	20188.0	0.5063
Augsburg University	Minneapolis	MN	575	36415.0	1031.0	0.45139088041296	21500.0	0.4604
Bemidji State University	Bemidji	MN	839	8394.0	1030.0	0.64080251389896	12456.0	0.4281
Bethany Lutheran College	Mankato	MN	1422	25890.0	1080.0	0.80487804878048	17000.0	0.4347
Bethel University	McKenzie	TN	1472	15764.0	930.0	0.66518847006651	17750.0	0.4287
Carleton College	Northfield	MN	166	50874.0	1413.0	0.22621434078643	19401.0	0.4954
Martin Luther College	New Ulm	MN	1485	13980.0	1109.0	0.83276450511945	14800.0	0.4866
Hamline University	Saint Paul	MN	526	39181.0	1104.0	0.70296331138287	19500.0	0.4023
Macalester College	Saint Paul	MN	361	50639.0	1378.0	0.37100571812983	20000.0	0.4025
University of Minnesota-Twin Cities	Minneapolis	MN	10	23806.0	1284.0	0.44992570579494	17000.0	0.4835
Minneapolis College of Art and Design	Minneapolis	MN	617	36548.0	1069.0	0.65251572327044	19750.0	0.2942
Minnesota State University Moorhead	Moorhead	MN	516	15250.0	1049.0	0.5961042008918	17225.0	0.4026
North Central University	Minneapolis	MN	1419	22240.0	1029.0	0.66082603254067	19625.0	0.4252
Oak Hills Christian College	Bemidji	MN	1683	16980.0	874.0	0.16363636363636	11750.0	0.5398
Saint Mary's University of Minnesota	Winona	MN	791	32575.0	1065.0	0.79240806642941	17376.0	0.4613
Crown College	Saint Bonifacius	MN	1318	24700.0	1006.0	0.54128440366972	17340.0	0.4753
Southwest Minnesota State University	Marshall	MN	982	8347.0	967.0	0.54193205944798	13200.0	0.424
Winona State University	Winona	MN	639	14772.0	1049.0	0.59751203852327	16815.5	0.3715
Alcorn State University	Alcorn State	MS	1251	6546.0	892.0	0.78440808469682	19000.0	0.362
Blue Mountain College	Blue Mountain	MS	1596	11212.0	972.0	0.96858638743455	11750.0	0.4473
Delta State University	Cleveland	MS	884	6418.0	1028.0	0.89407744874715	12390.5	0.4138
Jackson State University	Jackson	MS	638	17614.0	911.0	0.6332268370607	19500.0	0.3668
Millsaps College	Jackson	MS	1030	37110.0	1161.0	0.59147341297727	18500.0	0.5114
University of Mississippi	University	MS	191	22012.0	1155.0	0.78295568701864	15000.0	0.4372
Mississippi University for Women	Columbus	MS	1099	16634.0	1021.0	0.988	12500.0	0.1603
Mississippi Valley State University	Itta Bena	MS	1317	6116.0	825.0	0.84452975047984	18500.0	0.4146
Mississippi College	Clinton	MS	695	16740.0	1122.0	0.49471264367816	16000.0	0.3965
Mississippi State University	Mississippi State	MS	147	20900.0	1125.0	0.55673708250071	14653.0	0.4999
Rust College	Holly Springs	MS	1513	9500.0	735.0	0.46861532696271	11119.0	0.3974
University of Southern Mississippi	Hattiesburg	MS	279	16529.0	1070.0	0.60135135135135	15750.0	0.3713
Tougaloo College	Tougaloo	MS	1055	10600.0	954.0	0.51795096322241	21875.0	0.3445
William Carey University	Hattiesburg	MS	1101	11700.0	1091.0	0.51030303030303	15000.0	0.3752
Avila University	Kansas City	MO	1190	27312.0	985.0	0.5629522431259	17770.0	0.4033
Calvary University	Kansas City	MO	1692	11700.0	1019.0	0.97727272727272	10334.0	0.5206
Central Christian College of the Bible	Moberly	MO	1652	13700.0	1026.0	0.27604166666666	7971.5	0.5708
University of Central Missouri	Warrensburg	MO	693	13767.0	1050.0	0.74623949990232	14826.5	0.45
Cottey College	Nevada	MO	1456	19300.0	1059.0	0.68716577540106	9207.5	0.0
Culver-Stockton College	Canton	MO	1424	25415.0	966.0	0.58124054462934	16753.0	0.484
Drury University	Springfield	MO	698	25905.0	1142.0	0.69970351545955	13821.0	0.4169
Evangel University	Springfield	MO	1039	22081.0	1063.0	0.75355871886121	17250.0	0.4521
Fontbonne University	Saint Louis	MO	1395	24610.0	1050.0	0.89517819706498	21500.0	0.3372
Kansas City Art Institute	Kansas City	MO	1227	36450.0	1072.0	0.65038560411311	23493.0	0.2642
Lindenwood University	Saint Charles	MO	777	16332.0	1045.0	0.54691755384996	19500.0	0.4581
Missouri Baptist University	Saint Louis	MO	1335	24924.0	968.0	0.512	15250.0	0.4237
Missouri Southern State University	Joplin	MO	1045	10568.0	990.0	0.94343978453251	9750.0	0.4192
University of Missouri-Kansas City	Kansas City	MO	157	18886.0	1126.0	0.61872323861424	15000.0	0.4298
Missouri University of Science and Technology	Rolla	MO	276	25173.0	1265.0	0.79332693230916	16998.0	0.7672
Truman State University	Kirksville	MO	492	13940.0	1224.0	0.67690227887215	17250.0	0.4181
Northwest Missouri State University	Maryville	MO	659	12513.0	1047.0	0.74061687105165	13827.0	0.4292
Ozark Christian College	Joplin	MO	1629	12140.0	1047.0	1.0	12500.0	0.549
Rockhurst University	Kansas City	MO	1103	35670.0	1162.0	0.74061882817643	16736.0	0.4249
Saint Louis University	Saint Louis	MO	181	40726.0	1259.0	0.6474318822424	21500.0	0.4073
Southwest Baptist University	Bolivar	MO	1370	22508.0	1027.0	0.89670329670329	14000.0	0.3398
Stephens College	Columbia	MO	1119	29754.0	1049.0	0.61044520547945	15811.5	0.0083
Southeast Missouri State University	Cape Girardeau	MO	518	12375.0	1049.0	0.828125	13485.0	0.4356
Webster University	Saint Louis	MO	302	26300.0	1110.0	0.4657794676806	17436.0	0.4589
Westminster College	Salt Lake City	UT	797	32404.0	1119.0	0.84087791495198	17194.0	0.4344
William Jewell College	Liberty	MO	1218	32930.0	1144.0	0.51081210956271	20000.0	0.4224
William Woods University	Fulton	MO	1464	23040.0	1026.0	0.70167597765363	13902.0	0.2582
Carroll College	Helena	MT	990	33192.0	1128.0	0.71480865224625	21500.0	0.4136
Montana State University	Bozeman	MT	164	23186.0	1126.0	0.82870717679419	13000.0	0.5511
The University of Montana	Missoula	MT	199	23764.0	1072.0	0.92432432432432	14250.0	0.4538
Montana State University-Northern	Havre	MT	1409	17681.0	910.0	1.0	9500.0	0.5558
Rocky Mountain College	Billings	MT	1183	26666.0	1021.0	0.62071197411003	17750.0	0.504
Clarkson College	Omaha	NE	1444	15780.0	1090.0	0.52127659574468	21000.0	0.1168
Bryan College of Health Sciences	Lincoln	NE	1734	14636.0	1105.0	0.87	23479.0	0.0896
Creighton University	Omaha	NE	228	37606.0	1213.0	0.70662673879443	23000.0	0.4285
Hastings College	Hastings	NE	1327	28250.0	1058.0	0.63937282229965	15000.0	0.4969
University of Nebraska at Kearney	Kearney	NE	604	12268.0	1028.0	0.85079928952042	13000.0	0.4247
Midland University	Fremont	NE	1511	30430.0	1003.0	0.61062463514302	14985.0	0.5276
University of Nebraska at Omaha	Omaha	NE	240	19124.0	1050.0	0.86484051180392	12354.0	0.4803
Nebraska Wesleyan University	Lincoln	NE	1137	31394.0	1105.0	0.74376039933444	17225.0	0.4256
University of Nebraska-Lincoln	Lincoln	NE	55	23058.0	1144.0	0.75270258197087	13875.0	0.5215
York College	York	NE	1517	17700.0	934.0	0.50428816466552	15000.0	0.5525
Dartmouth College	Hanover	NH	67	51438.0	1441.0	0.10592503022974	12000.0	0.5005
Franklin Pierce University	Rindge	NH	1650	34050.0	957.0	0.81386412542268	14423.0	0.4479
Keene State College	Keene	NH	720	21997.0	977.0	0.82528357116721	21000.0	0.4506
Saint Anselm College	Manchester	NH	598	39036.0	1142.0	0.75901725039205	27000.0	0.3836
Bloomfield College	Bloomfield	NJ	1202	28600.0	861.0	0.61578802097709	16750.0	0.3751
Caldwell University	Caldwell	NJ	1134	32650.0	962.0	0.85411515365595	18987.5	0.2978
Centenary University	Hackettstown	NJ	1490	32098.0	927.0	0.87883959044368	19500.0	0.3799
Felician University	Lodi	NJ	1151	32990.0	898.0	0.785549930971	19500.0	0.2794
Georgian Court University	Lakewood	NJ	1121	31618.0	946.0	0.74456183965195	18500.0	0.2527
Rowan University	Glassboro	NJ	304	21378.0	1125.0	0.71013313609467	15000.0	0.5466
New Jersey City University	Jersey City	NJ	687	20458.0	875.0	0.85051417105593	12500.0	0.4048
Kean University	Union	NJ	490	18637.0	921.0	0.74399544678429	17750.0	0.3942
Monmouth University	West Long Branch	NJ	267	35364.0	1032.0	0.77289216225129	21100.0	0.4316
New Jersey Institute of Technology	Newark	NJ	171	31034.0	1204.0	0.59304901689282	18250.0	0.7846
Princeton University	Princeton	NJ	21	45320.0	1493.0	0.06521516568269	7500.0	0.517
Ramapo College of New Jersey	Mahwah	NJ	711	22870.0	1082.0	0.53262688232013	18750.0	0.4584
Rider University	Lawrenceville	NJ	418	39820.0	1012.0	0.71512019770838	20500.0	0.4157
Saint Peter's University	Jersey City	NJ	1040	35192.0	930.0	0.74246694125298	16000.0	0.3646
Seton Hall University	South Orange	NJ	241	39258.0	1156.0	0.66902184481752	19500.0	0.4497
Stevens Institute of Technology	Hoboken	NJ	368	48838.0	1360.0	0.39114590363071	26000.0	0.705
Stockton University	Galloway	NJ	402	19861.0	1052.0	0.76937422295897	18188.0	0.4127
The College of New Jersey	Ewing	NJ	394	26971.0	1211.0	0.48862579281183	21194.5	0.4164
New Mexico Institute of Mining and Technology	Socorro	NM	372	20041.0	1195.0	0.23451593505712	11709.5	0.7308
University of the Southwest	Hobbs	NM	1526	15456.0	863.0	0.65779467680608	9500.0	0.5472
Adelphi University	Garden City	NY	420	35740.0	1114.0	0.70294192025625	20375.5	0.312
Albany College of Pharmacy and Health Sciences	Albany	NY	1562	31981.0	1141.0	0.69170579029733	25000.0	0.3873
Alfred University	Alfred	NY	589	27078.0	1038.0	0.62791891198357	22500.0	0.5281
Barnard College	New York	NY	338	50394.0	1375.0	0.16744449158534	16964.0	0.0
Canisius College	Buffalo	NY	642	35424.0	1103.0	0.77857142857142	20500.0	0.4797
Cazenovia College	Cazenovia	NY	1135	32674.0	976.0	0.89884393063583	19500.0	0.2704
Clarkson University	Potsdam	NY	1057	46132.0	1190.0	0.68213982451174	24250.0	0.7047
Colgate University	Hamilton	NY	318	51955.0	1388.0	0.28782463664522	15500.0	0.4491
Columbia University in the City of New York	New York	NY	7	55056.0	1496.0	0.06825366802669	18794.0	0.5361
Concordia College-New York	Bronxville	NY	1332	30530.0	933.0	0.71047227926078	23500.0	0.3413
Cornell University	Ithaca	NY	4	50953.0	1436.0	0.14093183587234	12305.0	0.4804
D'Youville College	Buffalo	NY	946	25210.0	970.0	0.80565897244973	19500.0	0.2464
Fordham University	Bronx	NY	107	49073.0	1281.0	0.45224919671545	21500.0	0.4284
Hamilton College	Clinton	NY	387	51240.0	1402.0	0.26080305927342	16565.0	0.4858
Hartwick College	Oneonta	NY	788	42860.0	1004.0	0.86541889483065	23250.0	0.4009
Hofstra University	Hempstead	NY	232	42160.0	1177.0	0.62221756298703	17152.0	0.4555
Houghton College	Houghton	NY	1149	30336.0	1109.0	0.79329608938547	19852.0	0.3742
Iona College	New Rochelle	NY	714	36584.0	1005.0	0.91455580029368	19250.0	0.4811
Keuka College	Keuka Park	NY	1341	29451.0	953.0	0.77002905770029	18750.0	0.2538
LIM College	New York	NY	1225	25725.0	938.0	0.9345971563981	18000.0	0.0814
Le Moyne College	Syracuse	NY	1465	33030.0	1119.0	0.65310304449648	19000.0	0.3978
Long Island University	Brookville	NY	414	36256.0	1072.0	0.84610988068871	19000.0	0.3996
Manhattan College	Riverdale	NY	688	40004.0	1120.0	0.71368937998772	21500.0	0.5513
Marymount Manhattan College	New York	NY	1401	30290.0	1072.0	0.78157644824311	17583.0	0.2324
Medaille College	Buffalo	NY	1221	27276.0	906.0	0.69230769230769	15000.0	0.3019
Molloy College	Rockville Centre	NY	942	29100.0	1079.0	0.76923076923076	23000.0	0.2544
Mount Saint Mary College	Newburgh	NY	1114	29048.0	991.0	0.89885241526554	20000.0	0.2811
College of Mount Saint Vincent	Bronx	NY	1184	35130.0	886.0	0.9265091863517	25000.0	0.2995
The New School	New York	NY	146	45440.0	1158.0	0.60086695565188	17541.5	0.2592
New York University	New York	NY	17	49062.0	1371.0	0.31867136552269	20500.0	0.4276
Niagara University	Niagara University	NY	705	30950.0	1042.0	0.82881810062518	21500.0	0.38
New York Institute of Technology	Old Westbury	NY	511	35160.0	1077.0	0.72550575168583	17140.0	0.644
New York School of Interior Design	New York	NY	1494	22710.0	957.0	0.34782608695652	15500.0	0.1148
Nyack College	Nyack	NY	1238	24850.0	920.0	0.99780219780219	15645.0	0.3843
Pace University	New York	NY	196	42772.0	1064.0	0.83676231727125	19400.0	0.395
Rensselaer Polytechnic Institute	Troy	NY	117	50797.0	1365.0	0.44347873029583	27000.0	0.6847
Roberts Wesleyan College	Rochester	NY	1032	29540.0	1057.0	0.64724409448818	19335.0	0.3049
Rochester Institute of Technology	Rochester	NY	94	38568.0	1254.0	0.54928369652945	24250.0	0.6659
St. Thomas Aquinas College	Sparkill	NY	1497	29600.0	941.0	0.7916026625704	17750.0	0.4688
Sarah Lawrence College	Bronxville	NY	535	52550.0	1291.0	0.51792698826597	13000.0	0.2861
Skidmore College	Saratoga Springs	NY	388	50834.0	1240.0	0.2908179936826	19000.0	0.3987
Farmingdale State College	Farmingdale	NY	870	17710.0	974.0	0.58015885881018	11250.0	0.5673
Stony Brook University	Stony Brook	NY	135	26239.0	1268.0	0.40666876196462	15646.0	0.5382
SUNY College of Environmental Science and Forestry	Syracuse	NY	416	17953.0	1157.0	0.54209569957601	15500.0	0.5372
SUNY Polytechnic Institute	Utica	NY	600	17627.0	1170.0	0.64314194577352	12500.0	0.6811
SUNY Cortland	Cortland	NY	432	17956.0	1073.0	0.52165517241379	17500.0	0.4418
State University of New York at New Paltz	New Paltz	NY	453	17604.0	1115.0	0.42942600769121	15500.0	0.3833
SUNY College at Old Westbury	Old Westbury	NY	1041	17533.0	972.0	0.68603667136812	13000.0	0.4065
SUNY Maritime College	Throggs Neck	NY	1054	17684.0	1128.0	0.58040027605245	20000.0	0.8825
Syracuse University	Syracuse	NY	83	45022.0	1204.0	0.5232027940368	27000.0	0.455
United States Merchant Marine Academy	Kings Point	NY	861	1167.0	1268.0	0.20299145299145	6500.0	0.8131
Vassar College	Poughkeepsie	NY	263	53090.0	1409.0	0.2688201478237	15500.0	0.4288
School of Visual Arts	New York	NY	298	36500.0	1084.0	0.74454664914586	23750.0	0.3295
Wells College	Aurora	NY	1244	38530.0	1005.0	0.92425531914893	22750.0	0.3412
Yeshiva University	New York	NY	200	40670.0	1217.0	0.50747160789001	15250.0	0.5398
Appalachian State University	Boone	NC	216	21652.0	1140.0	0.68322981366459	16000.0	0.4487
Barton College	Wilson	NC	1346	29052.0	948.0	0.4087694483734	17619.0	0.3044
Belmont Abbey College	Belmont	NC	1199	18500.0	987.0	0.97327249022164	18750.0	0.4703
Cabarrus College of Health Sciences	Concord	NC	1759	12268.0	979.0	1.0	14500.0	0.116
Campbell University	Buies Creek	NC	629	30050.0	1027.0	0.81000304971027	13750.0	0.4708
Catawba College	Salisbury	NC	1368	29333.0	980.0	0.47072784810126	18944.5	0.4655
Chowan University	Murfreesboro	NC	1554	23930.0	789.0	0.56966086159486	9500.0	0.461
Davidson College	Davidson	NC	303	48376.0	1353.0	0.20113919544321	16489.0	0.5081
Duke University	Durham	NC	30	51265.0	1460.0	0.10830096934103	9000.0	0.5063
East Carolina University	Greenville	NC	235	22955.0	1040.0	0.70343294929528	18250.0	0.4295
Elizabeth City State University	Elizabeth City	NC	1673	17860.0	884.0	0.57151979565772	20000.0	0.441
Elon University	Elon	NC	275	33104.0	1206.0	0.6043771043771	19500.0	0.41
Fayetteville State University	Fayetteville	NC	732	16693.0	888.0	0.59271307742355	17169.0	0.3183
Gardner-Webb University	Boiling Springs	NC	999	29810.0	987.0	0.51879350348027	16546.0	0.3598
Greensboro College	Greensboro	NC	1512	28000.0	926.0	0.36248604391514	14625.0	0.5305
High Point University	High Point	NC	614	33405.0	1094.0	0.79076732417639	18324.0	0.4053
Lenoir-Rhyne University	Hickory	NC	1331	33730.0	980.0	0.70111111111111	15000.0	0.3987
Livingstone College	Salisbury	NC	1544	17764.0	730.0	0.47783701447067	12250.0	0.4933
Mars Hill University	Mars Hill	NC	1454	30534.0	935.0	0.5673961306692	14250.0	0.4711
Meredith College	Raleigh	NC	831	34907.0	1054.0	0.60790431617264	18000.0	0.0
Methodist University	Fayetteville	NC	1289	31980.0	955.0	0.54793637145313	11000.0	0.5426
Montreat College	Montreat	NC	1258	24940.0	960.0	0.61366313309776	13825.0	0.4708
University of Mount Olive	Mount Olive	NC	1521	19000.0	1005.0	0.47662141779788	19753.0	0.3326
University of North Carolina at Asheville	Asheville	NC	1397	23372.0	1155.0	0.759296054499	14000.0	0.4261
University of North Carolina at Chapel Hill	Chapel Hill	NC	32	33916.0	1338.0	0.2694258935481	15000.0	0.4149
University of North Carolina at Charlotte	Charlotte	NC	170	19934.0	1112.0	0.6202762872474	16350.0	0.5261
University of North Carolina at Greensboro	Greensboro	NC	225	21833.0	1054.0	0.73932285903961	15000.0	0.3379
North Carolina Central University	Durham	NC	552	18590.0	873.0	0.66689887379542	24171.5	0.3366
University of North Carolina School of the Arts	Winston-Salem	NC	866	24609.0	1139.0	0.54422788605697	23250.0	0.4983
North Carolina Wesleyan College	Rocky Mount	NC	963	29150.0	919.0	0.61565131253095	14750.0	0.4089
University of North Carolina Wilmington	Wilmington	NC	285	20920.0	1137.0	0.71751412429378	16387.0	0.3839
William Peace University	Raleigh	NC	1374	27080.0	907.0	0.62844880441446	16149.0	0.4081
University of North Carolina at Pembroke	Pembroke	NC	630	16760.0	927.0	0.73562212989284	12943.0	0.3982
Pfeiffer University	Misenheimer	NC	1150	28995.0	922.0	0.44144144144144	16169.0	0.4545
Queens University of Charlotte	Charlotte	NC	827	32560.0	1061.0	0.82754418037781	19500.0	0.2945
Mid-Atlantic Christian University	Elizabeth City	NC	1696	13600.0	924.0	0.46058091286307	10625.0	0.4715
Saint Augustine's University	Raleigh	NC	1376	17890.0	712.0	0.72710477698601	15250.0	0.5403
Salem College	Winston-Salem	NC	1160	27406.0	1104.0	0.56842105263157	20515.0	0.0272
Wingate University	Wingate	NC	1430	29170.0	1042.0	0.69555467616409	14474.5	0.3969
Winston-Salem State University	Winston-Salem	NC	883	15915.0	870.0	0.63260530421216	15410.0	0.2853
Western Carolina University	Cullowhee	NC	382	17130.0	1034.0	0.40689730556921	15500.0	0.4567
Dickinson State University	Dickinson	ND	1429	8918.0	1116.0	0.9171270718232	9745.0	0.425
University of Jamestown	Jamestown	ND	1445	20480.0	1043.0	0.57307692307692	16736.0	0.4989
University of Mary	Bismarck	ND	810	17445.0	1067.0	0.77014652014652	14714.5	0.3531
Mayville State University	Mayville	ND	1536	9073.0	950.0	0.55208333333333	11636.0	0.4128
Minot State University	Minot	ND	1113	6568.0	975.0	0.59810874704491	12000.0	0.3789
University of North Dakota	Grand Forks	ND	179	19290.0	1090.0	0.83689735614307	16850.0	0.5653
Valley City State University	Valley City	ND	1311	16016.0	985.0	0.98118279569892	11225.0	0.4708
Art Academy of Cincinnati	Cincinnati	OH	1561	29752.0	970.0	0.3053545586107	15361.0	0.3184
Ashland University	Ashland	OH	610	20392.0	1051.0	0.72465872785361	18750.0	0.4928
Bluffton University	Bluffton	OH	564	30762.0	1010.0	0.49527027027027	19500.0	0.5044
Capital University	Columbus	OH	707	33492.0	1135.0	0.69232563564264	20091.0	0.3919
Case Western Reserve University	Cleveland	OH	116	46006.0	1408.0	0.35440190352584	22000.0	0.5505
Cedarville University	Cedarville	OH	520	28110.0	1188.0	0.69061583577712	16000.0	0.4853
Central State University	Wilberforce	OH	1219	8096.0	801.0	0.42013300299908	10750.0	0.4452
Cleveland Institute of Art	Cleveland	OH	1095	39585.0	1086.0	0.60532407407407	27000.0	0.4192
Cleveland State University	Cleveland	OH	246	13819.0	1029.0	0.87453095684803	14000.0	0.4726
University of Dayton	Dayton	OH	205	40940.0	1185.0	0.60347885792756	23000.0	0.5291
Defiance College	Defiance	OH	1300	31680.0	960.0	0.58181818181818	18835.5	0.5439
Denison University	Granville	OH	537	48960.0	1318.0	0.43612846969917	23250.0	0.4476
The University of Findlay	Findlay	OH	701	32402.0	1047.0	0.72983870967741	18500.0	0.3445
Good Samaritan College of Nursing and Health Science	Cincinnati	OH	1752	15530.0	990.0	0.70689655172413	17500.0	0.0968
Heidelberg University	Tiffin	OH	1026	29200.0	1023.0	0.7931449188214	19632.0	0.5218
Hiram College	Hiram	OH	935	33040.0	1017.0	0.54184847282824	23251.0	0.501
John Carroll University	University Heights	OH	646	38490.0	1116.0	0.82991962665283	22477.5	0.5084
Kenyon College	Gambier	OH	278	51200.0	1359.0	0.26581290020302	17000.0	0.4502
Lake Erie College	Painesville	OH	1580	29960.0	946.0	0.63097643097643	16819.0	0.5213
Lourdes University	Sylvania	OH	1125	20620.0	989.0	0.89336235038084	23236.5	0.3573
Malone University	Canton	OH	1140	29422.0	1017.0	0.72814982973893	18243.0	0.4161
Marietta College	Marietta	OH	733	35330.0	1090.0	0.61407407407407	21500.0	0.6264
Mount Carmel College of Nursing	Columbus	OH	1618	12673.0	990.0	0.78974358974358	20251.0	0.0972
University of Mount Union	Alliance	OH	1070	29120.0	1056.0	0.76990099009901	22500.0	0.5225
Mount Vernon Nazarene University	Mount Vernon	OH	1349	26950.0	1050.0	0.74216300940438	17558.5	0.3773
Muskingum University	New Concord	OH	805	26928.0	1009.0	0.77405167674546	18127.0	0.4566
Notre Dame College	Cleveland	OH	1213	28300.0	942.0	0.90249537892791	16184.0	0.4726
Oberlin College	Oberlin	OH	265	52002.0	1364.0	0.280347499413	24931.5	0.4335
Ohio Dominican University	Columbus	OH	1363	31080.0	1004.0	0.5215845606907	19500.0	0.45
Ohio Northern University	Ada	OH	633	29820.0	1160.0	0.64107778342653	24466.0	0.5589
Otterbein University	Westerville	OH	819	31874.0	1106.0	0.72873991309745	21635.0	0.3925
Shawnee State University	Portsmouth	OH	1176	14145.0	990.0	0.73574986164914	11300.0	0.4603
Franciscan University of Steubenville	Steubenville	OH	978	25680.0	1157.0	0.7875	19500.0	0.3935
University of Toledo	Toledo	OH	277	18885.0	1070.0	0.94318391440693	13000.0	0.5175
Ursuline College	Pepper Pike	OH	1482	29940.0	1008.0	0.89612403100775	22750.0	0.0665
Walsh University	North Canton	OH	781	28720.0	1024.0	0.7767277023036	22000.0	0.4026
Wilberforce University	Wilberforce	OH	1559	13250.0	827.0	0.38405390230207	10319.5	0.4406
Wilmington College	Wilmington	OH	1261	25000.0	964.0	0.86593126856173	18112.5	0.4518
The College of Wooster	Wooster	OH	480	46860.0	1219.0	0.58161284630315	21500.0	0.4551
Xavier University	Cincinnati	OH	491	36150.0	1146.0	0.68576402028305	21500.0	0.4629
Youngstown State University	Youngstown	OH	482	8557.0	1003.0	0.67454242928452	17250.0	0.4792
Bacone College	Muskogee	OK	1557	14850.0	826.0	0.50471891670086	9500.0	0.6283
Oklahoma Wesleyan University	Bartlesville	OK	1128	25070.0	969.0	0.7280305661688	16666.0	0.4065
University of Central Oklahoma	Edmond	OK	1112	16460.0	1010.0	0.7502722323049	11625.0	0.4133
East Central University	Ada	OK	1082	15399.0	948.0	0.57765284609978	9590.5	0.4152
Northeastern State University	Tahlequah	OK	692	13707.0	1010.0	0.93746130030959	11650.0	0.4001
Northwestern Oklahoma State University	Alva	OK	1425	13538.0	970.0	0.43767572633552	7637.0	0.4286
Oklahoma Christian University	Edmond	OK	979	20840.0	1113.0	0.60815602836879	16000.0	0.5048
Oklahoma Baptist University	Shawnee	OK	1152	25310.0	1065.0	0.60107593627146	13403.5	0.3982
Oklahoma City University	Oklahoma City	OK	753	30726.0	1150.0	0.72151127361365	18603.0	0.3371
Oral Roberts University	Tulsa	OK	722	25676.0	1010.0	0.68460955269143	22178.5	0.3989
University of Science and Arts of Oklahoma	Chickasha	OK	1358	17550.0	994.0	0.48847926267281	9328.5	0.3437
Southeastern Oklahoma State University	Durant	OK	1010	15720.0	970.0	0.77326106594399	9738.0	0.4647
Southwestern Christian University	Bethany	OK	1701	13080.0	904.0	0.41105354058721	13075.5	0.527
Southwestern Oklahoma State University	Weatherford	OK	989	13440.0	990.0	0.90833599488981	9215.0	0.4185
Eastern Oregon University	La Grande	OR	899	18645.0	940.0	0.97027804410354	15000.0	0.3962
George Fox University	Newberg	OR	594	33730.0	1089.0	0.63756019261637	18750.0	0.4422
Oregon Institute of Technology	Klamath Falls	OR	770	27326.0	1050.0	0.73042776432606	15500.0	0.5446
Oregon State University	Corvallis	OR	47	28846.0	1127.0	0.7728804421081	17115.0	0.5371
University of Oregon	Eugene	OR	77	33441.0	1111.0	0.77869941799184	16143.5	0.465
Pacific University	Forest Grove	OR	442	41054.0	1122.0	0.78804920913884	21000.0	0.4172
Portland State University	Portland	OR	122	24852.0	1037.0	0.89424133061352	16250.0	0.468
University of Portland	Portland	OR	549	44104.0	1190.0	0.61321467551003	20662.0	0.404
Reed College	Portland	OR	315	52150.0	1380.0	0.31305872042068	13245.0	0.4513
Southern Oregon University	Ashland	OR	488	23170.0	1020.0	0.7819956616052	15000.0	0.4077
Corban University	Salem	OR	1481	30640.0	1063.0	0.34559417946645	18250.0	0.3887
Western Oregon University	Monmouth	OR	508	23445.0	953.0	0.87762840399862	15693.5	0.3876
DeSales University	Center Valley	PA	885	34850.0	1072.0	0.76232086682978	18750.0	0.401
Alvernia University	Reading	PA	891	32270.0	986.0	0.74496644295302	23174.0	0.2625
Arcadia University	Glenside	PA	554	40920.0	1120.0	0.6326803205699	21500.0	0.3135
Bloomsburg University of Pennsylvania	Bloomsburg	PA	571	21246.0	970.0	0.77556270096463	19250.0	0.437
Bryn Mawr College	Bryn Mawr	PA	243	48790.0	1337.0	0.39940239043824	23005.5	0.0
Bucknell University	Lewisburg	PA	239	51960.0	1312.0	0.29922761514255	25250.0	0.4936
Cabrini University	Radnor	PA	1188	30588.0	970.0	0.71060891399874	17750.0	0.3799
California University of Pennsylvania	California	PA	969	14673.0	918.0	0.9645618556701	17346.0	0.465
Carlow University	Pittsburgh	PA	1144	27764.0	982.0	0.86352357320099	20750.0	0.1371
Carnegie Mellon University	Pittsburgh	PA	19	52310.0	1458.0	0.2171409693709	24500.0	0.5368
Cedar Crest College	Allentown	PA	1068	36825.0	989.0	0.66471081307627	21000.0	0.131
Central Penn College	Summerdale	PA	1475	17646.0	778.0	0.98545454545454	12612.0	0.3625
Chestnut Hill College	Philadelphia	PA	1257	34140.0	951.0	0.93800322061191	20062.5	0.356
Clarion University of Pennsylvania	Clarion	PA	756	14764.0	942.0	0.94135388739946	19000.0	0.3641
Delaware Valley University	Doylestown	PA	1066	36750.0	990.0	0.68383340797133	16500.0	0.409
Drexel University	Philadelphia	PA	92	51030.0	1204.0	0.74646011495864	20500.0	0.5276
Duquesne University	Pittsburgh	PA	332	35062.0	1165.0	0.7393860222077	25000.0	0.3722
Eastern University	Saint Davids	PA	857	31140.0	1029.0	0.61194779116465	20000.0	0.2963
Edinboro University of Pennsylvania	Edinboro	PA	854	10640.0	945.0	0.95275840202916	17500.0	0.4229
Elizabethtown College	Elizabethtown	PA	596	43490.0	1088.0	0.73461670677208	25228.0	0.3853
Gannon University	Erie	PA	871	30042.0	1041.0	0.77749469214437	23500.0	0.4409
Geneva College	Beaver Falls	PA	1021	25680.0	1082.0	0.705734089477	19277.0	0.4883
Gwynedd Mercy University	Gwynedd Valley	PA	829	32480.0	934.0	0.90818584070796	20000.0	0.2423
Haverford College	Haverford	PA	376	51259.0	1431.0	0.21396950319724	11944.0	0.4814
Holy Family University	Philadelphia	PA	1461	29750.0	930.0	0.68494101318528	20250.0	0.2564
Immaculata University	Immaculata	PA	1127	35210.0	970.0	0.81892230576441	22541.0	0.2591
Keystone College	La Plume	PA	1372	25798.0	878.0	0.97633654688869	18473.0	0.3837
Kutztown University of Pennsylvania	Kutztown	PA	601	20710.0	975.0	0.79773082942097	19500.0	0.4618
La Roche University	Pittsburgh	PA	1334	27000.0	922.0	0.92272727272727	19000.0	0.4547
La Salle University	Philadelphia	PA	588	41100.0	986.0	0.76837652035959	19500.0	0.3899
Lafayette College	Easton	PA	464	49635.0	1297.0	0.28290040625384	22500.0	0.4901
Lancaster Bible College	Lancaster	PA	1288	21500.0	1015.0	0.67391304347826	12500.0	0.4945
Lebanon Valley College	Annville	PA	858	40550.0	1101.0	0.76064037485357	22188.0	0.4609
Lehigh University	Bethlehem	PA	195	48320.0	1340.0	0.26106095650227	21500.0	0.5621
Lincoln University	Lincoln University	PA	947	16733.0	835.0	0.87137042062415	20500.0	0.3667
Lock Haven University	Lock Haven	PA	344	19321.0	946.0	0.8784	19500.0	0.4255
Lycoming College	Williamsport	PA	876	37162.0	1035.0	0.6956289978678	24375.0	0.4803
Mansfield University of Pennsylvania	Mansfield	PA	1138	21292.0	965.0	0.87522202486678	19500.0	0.4016
Marywood University	Scranton	PA	1049	33000.0	1030.0	0.68324372759856	24470.0	0.314
Millersville University of Pennsylvania	Millersville	PA	496	20854.0	1030.0	0.69479667686926	17058.0	0.4433
Misericordia University	Dallas	PA	941	30740.0	1060.0	0.74437739989029	23250.0	0.3277
Moravian College	Bethlehem	PA	800	40287.0	1021.0	0.77446808510638	21500.0	0.4167
Mount Aloysius College	Cresson	PA	1161	21850.0	946.0	0.58580456976178	17220.0	0.2809
Muhlenberg College	Allentown	PA	566	48310.0	1241.0	0.48251748251748	23438.5	0.3954
Neumann University	Aston	PA	1157	28580.0	888.0	0.93741588156123	23466.0	0.3445
University of Pennsylvania	Philadelphia	PA	13	51464.0	1481.0	0.09440361786319	12500.0	0.4849
The University of the Arts	Philadelphia	PA	655	41464.0	1033.0	0.76794554455445	25250.0	0.3969
Point Park University	Pittsburgh	PA	846	29030.0	1014.0	0.70856862263687	20500.0	0.425
Robert Morris University	Moon Township	PA	806	28250.0	1050.0	0.79843662758235	21000.0	0.5758
Rosemont College	Rosemont	PA	959	19480.0	899.0	0.69088319088319	16892.0	0.3912
Saint Francis University	Loretto	PA	1037	33344.0	1069.0	0.67355821545157	26210.0	0.3716
Saint Joseph's University	Philadelphia	PA	437	43020.0	1147.0	0.77933587614987	19500.0	0.4469
Saint Vincent College	Latrobe	PA	977	33426.0	1055.0	0.65868794326241	23353.5	0.519
University of Scranton	Scranton	PA	486	42162.0	1137.0	0.74550128534704	25250.0	0.4142
Shippensburg University of Pennsylvania	Shippensburg	PA	399	19542.0	970.0	0.88308329022245	17250.0	0.5052
Slippery Rock University of Pennsylvania	Slippery Rock	PA	709	13716.0	998.0	0.69485481406011	19445.5	0.4329
Swarthmore College	Swarthmore	PA	158	49104.0	1421.0	0.12802902682389	17673.0	0.4974
Thiel College	Greenville	PA	1347	29740.0	927.0	0.74225282833251	25000.0	0.5793
Villanova University	Villanova	PA	202	49280.0	1350.0	0.43503937007874	25000.0	0.4633
Waynesburg University	Waynesburg	PA	1407	22800.0	984.0	0.93707713125845	22500.0	0.4072
West Chester University of Pennsylvania	West Chester	PA	415	20812.0	1061.0	0.64479530307838	19265.0	0.4058
Widener University	Chester	PA	440	42870.0	1040.0	0.69725656877898	20928.5	0.4461
Wilkes University	Wilkes-Barre	PA	644	33568.0	1022.0	0.75924617196702	20077.0	0.5252
Wilson College	Chambersburg	PA	1191	24430.0	936.0	0.5771484375	17432.0	0.1586
York College of Pennsylvania	York	PA	1019	18780.0	1042.0	0.61019283746556	21250.0	0.4538
Brown University	Providence	RI	64	51366.0	1459.0	0.09305341154677	15439.0	0.4777
Providence College	Providence	RI	540	46970.0	1145.0	0.55027726432532	27000.0	0.4445
Rhode Island College	Providence	RI	430	19867.0	903.0	0.74689199689199	13320.5	0.316
University of Rhode Island	Kingston	RI	151	28874.0	1081.0	0.72762386152305	18500.0	0.4376
Rhode Island School of Design	Providence	RI	305	47110.0	1214.0	0.34121016827783	26172.0	0.3127
Charleston Southern University	Charleston	SC	874	24140.0	1021.0	0.60604682882473	15000.0	0.3793
Bob Jones University	Greenville	SC	780	15550.0	1068.0	0.87369420702754	12000.0	0.455
College of Charleston	Charleston	SC	297	29963.0	1111.0	0.84133727373476	15000.0	0.3648
Claflin University	Orangeburg	SC	1267	16158.0	900.0	0.41823798870778	23750.0	0.3487
Clemson University	Clemson	SC	106	34590.0	1269.0	0.5054454181911	19000.0	0.5228
Columbia International University	Columbia	SC	1217	21490.0	1067.0	0.35714285714285	15000.0	0.5153
Columbia College	Columbia	SC	719	28900.0	972.0	0.87072243346007	14670.5	0.2741
Converse College	Spartanburg	SC	1168	17000.0	1048.0	0.60412067696835	15000.0	0.0
Erskine College	Due West	SC	1312	34560.0	1028.0	0.75865580448065	12000.0	0.5033
Francis Marion University	Florence	SC	1034	20308.0	927.0	0.61556982343499	18345.5	0.3126
Lander University	Greenwood	SC	669	20800.0	964.0	0.61754507628294	13000.0	0.3062
Limestone College	Gaffney	SC	1412	23900.0	1004.0	0.47647058823529	14750.0	0.4409
Newberry College	Newberry	SC	1290	25600.0	943.0	0.59653979238754	14750.0	0.5372
North Greenville University	Tigerville	SC	1328	17594.0	1119.0	0.59121830550401	11452.5	0.5197
Presbyterian College	Clinton	SC	1029	37142.0	1118.0	0.59825493171471	18383.5	0.4863
University of South Carolina-Aiken	Aiken	SC	1059	20102.0	986.0	0.66915191053122	14255.5	0.3652
University of South Carolina-Beaufort	Bluffton	SC	1446	20630.0	980.0	0.65130353817504	11000.0	0.3427
Coastal Carolina University	Conway	SC	544	25120.0	1030.0	0.61183025664115	14000.0	0.4749
South Carolina State University	Orangeburg	SC	905	20500.0	766.0	0.86231120477695	22500.0	0.505
University of South Carolina-Upstate	Spartanburg	SC	930	22188.0	964.0	0.54629385386441	15000.0	0.3537
Winthrop University	Rock Hill	SC	528	28390.0	1039.0	0.68502024291497	20000.0	0.3127
Wofford College	Spartanburg	SC	1468	40245.0	1185.0	0.7010554988083	21500.0	0.4824
Augustana University	Sioux Falls	SD	887	30944.0	1174.0	0.69125683060109	23259.0	0.4005
Black Hills State University	Spearfish	SD	1075	10920.0	1009.0	0.79764121663563	12063.5	0.3747
Dakota State University	Madison	SD	745	11843.0	1029.0	0.82627578718783	12892.0	0.6374
Dakota Wesleyan University	Mitchell	SD	1337	26050.0	1005.0	0.7267175572519	19500.0	0.4341
Northern State University	Aberdeen	SD	801	10800.0	969.0	0.81386138613861	15000.0	0.4359
Presentation College	Aberdeen	SD	1653	19090.0	944.0	0.98523985239852	14750.0	0.3634
South Dakota School of Mines and Technology	Rapid City	SD	689	15320.0	1201.0	0.84502923976608	18251.0	0.7956
South Dakota State University	Brookings	SD	438	11403.0	1069.0	0.90759713899091	15500.0	0.4827
University of Sioux Falls	Sioux Falls	SD	1255	27160.0	1050.0	0.91494252873563	15000.0	0.3919
University of South Dakota	Vermillion	SD	337	11688.0	1050.0	0.88134183532021	16512.0	0.3858
Austin Peay State University	Clarksville	TN	607	22929.0	1010.0	0.88858520900321	12670.5	0.4213
Belmont University	Nashville	TN	481	31390.0	1185.0	0.81040892193308	17750.0	0.3668
Carson-Newman University	Jefferson City	TN	574	26360.0	1058.0	0.63285098522167	14669.5	0.4188
Christian Brothers University	Memphis	TN	814	30860.0	1125.0	0.52241307080016	16500.0	0.4688
Cumberland University	Lebanon	TN	1330	21210.0	988.0	0.48909451421017	17500.0	0.428
Lipscomb University	Nashville	TN	697	29756.0	1142.0	0.60854503464203	14145.0	0.3819
East Tennessee State University	Johnson City	TN	319	25573.0	1069.0	0.91642271662763	13250.0	0.4398
Fisk University	Nashville	TN	859	21480.0	926.0	0.78460321645135	21750.0	0.3361
Freed-Hardeman University	Henderson	TN	1266	21500.0	1098.0	0.96333754740834	17583.0	0.4248
Johnson University	Knoxville	TN	1505	13950.0	1006.0	0.78820960698689	15800.0	0.5297
Lane College	Jackson	TN	1484	10280.0	740.0	0.5027301826398	16000.0	0.5277
Lee University	Cleveland	TN	913	15770.0	1107.0	0.87220026350461	16815.0	0.3931
Lincoln Memorial University	Harrogate	TN	925	21050.0	1008.0	0.50202156334231	13000.0	0.2884
Maryville College	Maryville	TN	1090	33524.0	1087.0	0.57787983161117	12500.0	0.4469
Memphis College of Art	Memphis	TN	1589	31700.0	957.0	0.39175257731958	20055.0	0.3412
Middle Tennessee State University	Murfreesboro	TN	227	25416.0	1030.0	0.68610915905364	14250.0	0.4596
Rhodes College	Memphis	TN	579	44942.0	1291.0	0.5431823253738	22000.0	0.4434
Tennessee Wesleyan University	Athens	TN	1640	23000.0	1019.0	0.61430010070493	14250.0	0.3734
Trevecca Nazarene University	Nashville	TN	1273	24624.0	1031.0	0.72265349329569	12625.0	0.3967
Tusculum University	Greeneville	TN	1279	23125.0	962.0	0.74396782841823	17137.0	0.4732
Union University	Jackson	TN	835	30330.0	1200.0	0.62574552683896	20585.0	0.3437
Vanderbilt University	Nashville	TN	68	45610.0	1495.0	0.1074841255163	13439.5	0.4952
Abilene Christian University	Abilene	TX	504	32070.0	1077.0	0.50887631681623	15000.0	0.4119
Angelo State University	San Angelo	TX	565	16839.0	979.0	0.74372313956118	10918.0	0.4553
Austin College	Sherman	TX	933	37315.0	1195.0	0.53430787589498	19500.0	0.4853
Baylor University	Waco	TX	115	42006.0	1246.0	0.39721676867998	19500.0	0.4206
Concordia University Texas	Austin	TX	1011	29260.0	984.0	0.83471760797342	14000.0	0.3659
Dallas Baptist University	Dallas	TX	855	26180.0	1060.0	0.43111383860079	15000.0	0.4149
Dallas Christian College	Dallas	TX	1604	17454.0	886.0	0.22666666666666	12500.0	0.5806
University of Dallas	Irving	TX	764	37230.0	1184.0	0.44762897342365	19500.0	0.4544
East Texas Baptist University	Marshall	TX	1359	24700.0	954.0	0.50927246790299	12250.0	0.4924
Hardin-Simmons University	Abilene	TX	1084	25830.0	1019.0	0.8798955613577	16943.5	0.445
Houston Baptist University	Houston	TX	890	30800.0	1057.0	0.34563450445726	12500.0	0.3748
University of Houston-Clear Lake	Houston	TX	623	18550.0	1017.0	0.64711447492904	12516.0	0.3563
University of Houston-Downtown	Houston	TX	704	15770.0	906.0	0.82875567231908	14000.0	0.3965
University of Houston	Houston	TX	65	21711.0	1152.0	0.58544813695871	13250.0	0.5124
Howard Payne University	Brownwood	TX	1323	26630.0	950.0	0.87722980062959	10750.0	0.5319
Huston-Tillotson University	Austin	TX	1371	14346.0	787.0	0.36483697895171	15875.0	0.4149
University of the Incarnate Word	San Antonio	TX	750	28898.0	893.0	0.91865785460091	21500.0	0.4017
Lamar University	Beaumont	TX	253	17938.0	960.0	0.76180295742027	11250.0	0.4161
LeTourneau University	Longview	TX	1585	28480.0	1150.0	0.44191096634093	19500.0	0.5535
Lubbock Christian University	Lubbock	TX	1298	21166.0	1034.0	0.95305164319248	15750.0	0.3965
University of Mary Hardin-Baylor	Belton	TX	1023	26550.0	1051.0	0.7880276971186	17687.0	0.3649
McMurry University	Abilene	TX	1296	26275.0	938.0	0.48036093418259	12500.0	0.5561
Midwestern State University	Wichita Falls	TX	665	10570.0	973.0	0.74458249060965	13082.0	0.4224
University of North Texas	Denton	TX	114	19945.0	1090.0	0.71793652680375	13750.0	0.4796
Our Lady of the Lake University	San Antonio	TX	1107	27160.0	929.0	0.54726688102893	17795.0	0.312
Paul Quinn College	Dallas	TX	1499	8318.0	844.0	0.31904069767441	8100.0	0.452
Sam Houston State University	Huntsville	TX	299	17554.0	986.0	0.71949665498566	15140.0	0.3829
Schreiner University	Kerrville	TX	1543	25750.0	998.0	0.90781563126252	14250.0	0.4106
St. Mary's University	San Antonio	TX	657	28200.0	1036.0	0.77657616198803	21937.5	0.4668
Southern Methodist University	Dallas	TX	120	50358.0	1330.0	0.48920754716981	18250.0	0.5002
Southwestern Assemblies of God University	Waxahachie	TX	1460	19560.0	980.0	0.23473282442748	13750.0	0.4833
Southwestern University	Georgetown	TX	671	39060.0	1165.0	0.45030479724357	23500.0	0.4253
Texas State University	San Marcos	TX	182	21029.0	1033.0	0.71129025153076	14000.0	0.4286
Southwestern Adventist University	Keene	TX	1088	20276.0	929.0	0.4996776273372	16231.0	0.4134
Sul Ross State University	Alpine	TX	1666	16211.0	855.0	0.92220969560315	8250.0	0.4166
Tarleton State University	Stephenville	TX	737	16728.0	959.0	0.50391317958885	12607.5	0.3857
The University of Texas at Arlington	Arlington	TX	165	22920.0	1070.0	0.69820035037426	11686.0	0.3841
The University of Texas at Austin	Austin	TX	16	35682.0	1289.0	0.40373808170739	20366.0	0.4742
The University of Texas at Dallas	Richardson	TX	125	28808.0	1262.0	0.6798833359609	13000.0	0.5715
The University of Texas at El Paso	El Paso	TX	214	20523.0	927.0	0.99985982618446	11000.0	0.4684
The University of Texas at Tyler	Tyler	TX	662	20082.0	1050.0	0.69347496206373	11724.5	0.4367
Texas Christian University	Fort Worth	TX	269	42670.0	1223.0	0.37582615661926	18126.0	0.3965
Texas Lutheran University	Seguin	TX	1360	28910.0	973.0	0.42609103707179	16125.0	0.4888
The University of Texas at San Antonio	San Antonio	TX	159	18297.0	1033.0	0.76406451612903	14442.0	0.499
Texas Southern University	Houston	TX	645	21240.0	814.0	0.51489244346387	14252.0	0.445
Texas Tech University	Lubbock	TX	127	18220.0	1117.0	0.62597057183304	15500.0	0.5492
Texas Wesleyan University	Fort Worth	TX	1132	26050.0	995.0	0.41162554917201	13750.0	0.4867
Texas Woman's University	Denton	TX	478	17030.0	944.0	0.85883222468588	14917.0	0.098
Trinity University	San Antonio	TX	393	39560.0	1282.0	0.40661612680909	21500.0	0.4717
Wayland Baptist University	Plainview	TX	1209	15060.0	908.0	0.9984375	12500.0	0.5081
Brigham Young University-Hawaii	Laie	HI	779	5240.0	1096.0	0.27084745762711	5500.0	0.4056
Southern Utah University	Cedar City	UT	558	19810.0	1065.0	0.72278445095999	6773.5	0.4606
Utah State University	Logan	UT	110	20492.0	1087.0	0.90247386533342	8000.0	0.4763
Castleton University	Castleton	VT	1280	26722.0	965.0	0.95321361058601	19000.0	0.4805
Champlain College	Burlington	VT	475	38660.0	1134.0	0.69951923076923	19500.0	0.5823
Northern Vermont University	Johnson	VT	1164	23746.0	917.0	0.95086705202312	14900.0	0.339
Middlebury College	Middlebury	VT	186	50063.0	1394.0	0.16135616283025	11995.0	0.4823
University of Vermont	Burlington	VT	104	40364.0	1216.0	0.68940202883075	17903.0	0.431
Averett University	Danville	VA	1294	31980.0	902.0	0.56458699472759	17760.5	0.5095
Bluefield College	Bluefield	VA	1326	24380.0	903.0	0.84808612440191	13250.0	0.4642
Bridgewater College	Bridgewater	VA	886	32590.0	1022.0	0.52751803366283	20796.5	0.465
Regent University	Virginia Beach	VA	455	16438.0	1032.0	0.81025896414342	9500.0	0.3918
Christopher Newport University	Newport News	VA	616	24680.0	1158.0	0.62161444503451	21229.0	0.4349
Eastern Mennonite University	Harrisonburg	VA	1572	34200.0	1049.0	0.61152263374485	14700.0	0.3471
Ferrum College	Ferrum	VA	1048	31915.0	865.0	0.72016831980763	12500.0	0.5477
George Mason University	Fairfax	VA	86	32582.0	1165.0	0.80987908412657	15993.5	0.4908
Hampden-Sydney College	Hampden-Sydney	VA	910	42962.0	1122.0	0.5559800176315	22500.0	0.9981
Hampton University	Hampton	VA	658	24242.0	973.0	0.64818629646215	19500.0	0.3288
Hollins University	Roanoke	VA	937	36835.0	1146.0	0.59875904860392	16524.0	0.0
James Madison University	Harrisonburg	VA	173	26164.0	1125.0	0.72127300037551	17591.0	0.4084
Liberty University	Lynchburg	VA	149	21292.0	1094.0	0.24383192522525	14016.0	0.4157
Longwood University	Farmville	VA	494	27138.0	970.0	0.73949261643316	19000.0	0.3243
University of Lynchburg	Lynchburg	VA	841	36620.0	1023.0	0.63775607888186	21555.0	0.3967
Mary Baldwin University	Staunton	VA	1242	30635.0	983.0	0.99482631189948	18267.0	0.0669
University of Mary Washington	Fredericksburg	VA	545	26220.0	1114.0	0.7444976076555	15000.0	0.3587
Marymount University	Arlington	VA	802	29780.0	970.0	0.90549273021001	19500.0	0.3607
Norfolk State University	Norfolk	VA	826	20340.0	762.0	0.85492227979274	24000.0	0.358
Old Dominion University	Norfolk	VA	175	26730.0	1010.0	0.84637068357998	16508.0	0.4553
Randolph-Macon College	Ashland	VA	1093	38730.0	1091.0	0.6140042223786	24318.0	0.4675
Randolph College	Lynchburg	VA	1260	36770.0	1037.0	0.83607907742998	18000.0	0.3421
University of Richmond	University of Richmond	VA	212	49420.0	1338.0	0.32479370562272	19500.0	0.472
Roanoke College	Salem	VA	663	41429.0	1091.0	0.73043283247364	25000.0	0.4162
Shenandoah University	Winchester	VA	751	31322.0	1009.0	0.88016745159602	19800.0	0.4025
Southern Virginia University	Buena Vista	VA	1443	14900.0	993.0	0.45315161839863	8500.0	0.4865
Sweet Briar College	Sweet Briar	VA	465	36425.0	1035.0	0.93052631578947	21000.0	0.0
The University of Virginia's College at Wise	Wise	VA	1252	26239.0	963.0	0.77714285714285	12000.0	0.5026
Virginia Polytechnic Institute and State University	Blacksburg	VA	46	29975.0	1210.0	0.70872	21110.0	0.5726
Virginia Commonwealth University	Richmond	VA	113	32287.0	1094.0	0.81150425491074	18500.0	0.4162
Virginia Military Institute	Lexington	VA	613	41801.0	1156.0	0.50949538795442	19500.0	0.8862
Virginia State University	Petersburg	VA	900	19002.0	817.0	0.94477455435162	21500.0	0.425
Virginia Wesleyan University	Virginia Beach	VA	1200	35610.0	959.0	0.89963724304715	15830.0	0.3823
Washington and Lee University	Lexington	VA	336	48267.0	1396.0	0.23583611056655	19500.0	0.5165
Central Washington University	Ellensburg	WA	383	21522.0	1043.0	0.79710544452102	14669.0	0.4898
Eastern Washington University	Cheney	WA	422	23343.0	962.0	0.95478219696969	14924.0	0.4687
The Evergreen State College	Olympia	WA	311	23887.0	1056.0	0.97475013150973	12659.0	0.4338
Gonzaga University	Spokane	WA	385	39730.0	1224.0	0.67285636264336	23000.0	0.4763
Northwest University	Kirkland	WA	1067	29200.0	1061.0	0.93392857142857	12500.0	0.3512
Pacific Lutheran University	Tacoma	WA	500	39450.0	1116.0	0.7681697612732	21500.0	0.3682
Saint Martin's University	Lacey	WA	987	34356.0	1029.0	0.953125	19500.0	0.4762
Seattle Pacific University	Seattle	WA	441	38940.0	1108.0	0.8728309370352	21500.0	0.3251
Seattle University	Seattle	WA	331	41265.0	1208.0	0.73627318511239	18425.0	0.3939
Walla Walla University	College Place	WA	1043	26982.0	1074.0	0.62047885888945	21500.0	0.5051
Washington State University	Pullman	WA	63	25673.0	1054.0	0.72044955432114	14772.0	0.4789
Western Washington University	Bellingham	WA	213	21847.0	1122.0	0.83116265804734	15000.0	0.4385
Whitman College	Walla Walla	WA	981	47862.0	1324.0	0.5108028807682	17477.0	0.431
Whitworth University	Spokane	WA	833	40562.0	1143.0	0.8856529736358	22000.0	0.4004
Alderson Broaddus University	Philippi	WV	1421	25350.0	963.0	0.41384352912503	15000.0	0.5432
Appalachian Bible College	Mount Hope	WV	1663	14000.0	899.0	0.51851851851851	10397.5	0.475
Bluefield State College	Bluefield	WV	1529	12876.0	935.0	0.83307810107197	11500.0	0.3837
University of Charleston	Charleston	WV	1172	29900.0	971.0	0.51860077734591	12500.0	0.5459
Concord University	Athens	WV	1256	15722.0	972.0	0.81148648648648	11825.0	0.4173
Fairmont State University	Fairmont	WV	1148	14666.0	962.0	0.64956268221574	12000.0	0.4552
Glenville State College	Glenville	WV	1549	16560.0	901.0	0.69452887537993	11000.0	0.5887
Marshall University	Huntington	WV	294	16382.0	1010.0	0.89429564506235	14143.0	0.4337
Ohio Valley University	Vienna	WV	1637	20460.0	966.0	0.63550295857988	10250.0	0.5299
Shepherd University	Shepherdstown	WV	917	17482.0	994.0	0.91914618369987	14190.0	0.404
West Virginia State University	Institute	WV	1214	15572.0	927.0	0.96273830155979	11250.0	0.4738
West Liberty University	West Liberty	WV	1442	14394.0	965.0	0.7170129140932	16000.0	0.3835
West Virginia Wesleyan College	Buckhannon	WV	1480	29752.0	1032.0	0.77283236994219	18500.0	0.4544
West Virginia University	Morgantown	WV	118	22488.0	1065.0	0.74493979543394	14771.0	0.5408
Bellin College	Green Bay	WI	1724	20500.0	1110.0	0.89130434782608	15000.0	0.0939
Beloit College	Beloit	WI	498	47060.0	1222.0	0.69857328145265	23525.5	0.4662
Cardinal Stritch University	Milwaukee	WI	1116	28212.0	954.0	0.81524547803617	23438.0	0.3367
Carroll University	Waukesha	WI	812	30388.0	1089.0	0.71556453941669	21500.0	0.3487
Carthage College	Kenosha	WI	603	40265.0	1101.0	0.6972891566265	22250.0	0.4517
Edgewood College	Madison	WI	971	27530.0	1069.0	0.75868544600938	19374.5	0.2768
Lakeland University	Plymouth	WI	1216	26560.0	909.0	0.55399061032863	15500.0	0.4274
Lawrence University	Appleton	WI	559	44844.0	1280.0	0.62978485610505	23950.0	0.4612
Marquette University	Milwaukee	WI	148	38470.0	1199.0	0.84340742996345	24250.0	0.459
Milwaukee School of Engineering	Milwaukee	WI	550	37980.0	1245.0	0.66306775874906	25500.0	0.7353
Mount Mary University	Milwaukee	WI	1316	28380.0	970.0	0.56313497822931	20837.0	0.0
Ripon College	Ripon	WI	1247	39142.0	1085.0	0.65256560908734	23250.0	0.4846
Viterbo University	La Crosse	WI	1170	26150.0	1065.0	0.62542372881355	20500.0	0.2601
University of Wisconsin-Whitewater	Whitewater	WI	435	16223.0	1050.0	0.69345768756	18500.0	0.5123
University of Wisconsin-Eau Claire	Eau Claire	WI	342	16385.0	1110.0	0.7800307219662	16814.5	0.3841
University of Wisconsin-Green Bay	Green Bay	WI	348	15451.0	1050.0	0.73129884629698	14000.0	0.3344
University of Wisconsin-La Crosse	La Crosse	WI	419	17612.0	1145.0	0.74241044323011	18241.0	0.4388
Wisconsin Lutheran College	Milwaukee	WI	1098	27984.0	1107.0	0.90273556231003	18700.5	0.4328
University of Wisconsin-Oshkosh	Oshkosh	WI	373	15117.0	1030.0	0.65021382751247	16250.0	0.4208
University of Wisconsin-Parkside	Kenosha	WI	725	15356.0	970.0	0.62464722483537	13000.0	0.4765
University of Wisconsin-Stout	Menomonie	WI	479	17141.0	1030.0	0.88396501457725	16838.0	0.5518
University of Wisconsin-Superior	Superior	WI	809	15661.0	1010.0	0.76106194690265	15533.0	0.3893
University of Wisconsin-Madison	Madison	WI	18	32738.0	1302.0	0.52623405097597	19639.0	0.491
University of Wisconsin-Milwaukee	Milwaukee	WI	133	19851.0	1050.0	0.73285957361625	16000.0	0.4876
University of Wisconsin-Platteville	Platteville	WI	606	15334.0	1090.0	0.803311094638	17484.0	0.6644
University of Wisconsin-River Falls	River Falls	WI	765	15554.0	1050.0	0.72153465346534	15500.0	0.39
University of Wisconsin-Stevens Point	Stevens Point	WI	334	16426.0	1050.0	0.81423915768363	17500.0	0.4737
University of Wyoming	Laramie	WY	174	16215.0	1102.0	0.95084988736432	11250.0	0.4929
Stanford University	Stanford	CA	3	47940.0	1476.0	0.04813964588494	10873.5	0.5148
New College of Florida	Sarasota	FL	1001	29944.0	1263.0	0.71277346506704	9798.5	0.3821
Soka University of America	Aliso Viejo	CA	1097	31042.0	1233.0	0.384	18874.0	0.3837
Florida Gulf Coast University	Fort Myers	FL	391	25162.0	1090.0	0.56147297564838	12000.0	0.4422
The King's University	Southlake	TX	1733	13650.0	1073.0	0.48314606741573	15750.0	0.4765
Ave Maria University	Ave Maria	FL	1177	19128.0	1103.0	0.3989875747814	13157.0	0.4848
Ecclesia College	Springdale	AR	1738	15140.0	845.0	0.40284360189573	7500.0	0.5547
The King's College	New York	NY	1416	34320.0	1180.0	0.40868263473053	12000.0	0.3558
John Paul the Great Catholic University	Escondido	CA	1687	24900.0	1088.0	0.98039215686274	19167.0	0.5286
Augusta University	Augusta	GA	427	22990.0	1043.0	0.77229020979021	11868.5	0.3558
University of North Georgia	Dahlonega	GA	696	12752.0	966.0	0.75044074436826	8251.0	0.4492
Kennesaw State University	Kennesaw	GA	180	16636.0	1090.0	0.58504166115593	12000.0	0.52
Husson University	Bangor	ME	863	17035.0	964.0	0.80243902439024	18247.0	0.4543
